Year,Id,Id2,Geography,Total; Estimate; Total population,Total; Margin of Error; Total population,Male; Estimate; Total population,Male; Margin of Error; Total population,Female; Estimate; Total population,Female; Margin of Error; Total population,Total; Estimate; AGE - Under 5 years,Total; Margin of Error; AGE - Under 5 years,Male; Estimate; AGE - Under 5 years,Male; Margin of Error; AGE - Under 5 years,Female; Estimate; AGE - Under 5 years,Female; Margin of Error; AGE - Under 5 years,Total; Estimate; AGE - 5 to 9 years,Total; Margin of Error; AGE - 5 to 9 years,Male; Estimate; AGE - 5 to 9 years,Male; Margin of Error; AGE - 5 to 9 years,Female; Estimate; AGE - 5 to 9 years,Female; Margin of Error; AGE - 5 to 9 years,Total; Estimate; AGE - 10 to 14 years,Total; Margin of Error; AGE - 10 to 14 years,Male; Estimate; AGE - 10 to 14 years,Male; Margin of Error; AGE - 10 to 14 years,Female; Estimate; AGE - 10 to 14 years,Female; Margin of Error; AGE - 10 to 14 years,Total; Estimate; AGE - 15 to 19 years,Total; Margin of Error; AGE - 15 to 19 years,Male; Estimate; AGE - 15 to 19 years,Male; Margin of Error; AGE - 15 to 19 years,Female; Estimate; AGE - 15 to 19 years,Female; Margin of Error; AGE - 15 to 19 years,Total; Estimate; AGE - 20 to 24 years,Total; Margin of Error; AGE - 20 to 24 years,Male; Estimate; AGE - 20 to 24 years,Male; Margin of Error; AGE - 20 to 24 years,Female; Estimate; AGE - 20 to 24 years,Female; Margin of Error; AGE - 20 to 24 years,Total; Estimate; AGE - 25 to 29 years,Total; Margin of Error; AGE - 25 to 29 years,Male; Estimate; AGE - 25 to 29 years,Male; Margin of Error; AGE - 25 to 29 years,Female; Estimate; AGE - 25 to 29 years,Female; Margin of Error; AGE - 25 to 29 years,Total; Estimate; AGE - 30 to 34 years,Total; Margin of Error; AGE - 30 to 34 years,Male; Estimate; AGE - 30 to 34 years,Male; Margin of Error; AGE - 30 to 34 years,Female; Estimate; AGE - 30 to 34 years,Female; Margin of Error; AGE - 30 to 34 years,Total; Estimate; AGE - 35 to 39 years,Total; Margin of Error; AGE - 35 to 39 years,Male; Estimate; AGE - 35 to 39 years,Male; Margin of Error; AGE - 35 to 39 years,Female; Estimate; AGE - 35 to 39 years,Female; Margin of Error; AGE - 35 to 39 years,Total; Estimate; AGE - 40 to 44 years,Total; Margin of Error; AGE - 40 to 44 years,Male; Estimate; AGE - 40 to 44 years,Male; Margin of Error; AGE - 40 to 44 years,Female; Estimate; AGE - 40 to 44 years,Female; Margin of Error; AGE - 40 to 44 years,Total; Estimate; AGE - 45 to 49 years,Total; Margin of Error; AGE - 45 to 49 years,Male; Estimate; AGE - 45 to 49 years,Male; Margin of Error; AGE - 45 to 49 years,Female; Estimate; AGE - 45 to 49 years,Female; Margin of Error; AGE - 45 to 49 years,Total; Estimate; AGE - 50 to 54 years,Total; Margin of Error; AGE - 50 to 54 years,Male; Estimate; AGE - 50 to 54 years,Male; Margin of Error; AGE - 50 to 54 years,Female; Estimate; AGE - 50 to 54 years,Female; Margin of Error; AGE - 50 to 54 years,Total; Estimate; AGE - 55 to 59 years,Total; Margin of Error; AGE - 55 to 59 years,Male; Estimate; AGE - 55 to 59 years,Male; Margin of Error; AGE - 55 to 59 years,Female; Estimate; AGE - 55 to 59 years,Female; Margin of Error; AGE - 55 to 59 years,Total; Estimate; AGE - 60 to 64 years,Total; Margin of Error; AGE - 60 to 64 years,Male; Estimate; AGE - 60 to 64 years,Male; Margin of Error; AGE - 60 to 64 years,Female; Estimate; AGE - 60 to 64 years,Female; Margin of Error; AGE - 60 to 64 years,Total; Estimate; AGE - 65 to 69 years,Total; Margin of Error; AGE - 65 to 69 years,Male; Estimate; AGE - 65 to 69 years,Male; Margin of Error; AGE - 65 to 69 years,Female; Estimate; AGE - 65 to 69 years,Female; Margin of Error; AGE - 65 to 69 years,Total; Estimate; AGE - 70 to 74 years,Total; Margin of Error; AGE - 70 to 74 years,Male; Estimate; AGE - 70 to 74 years,Male; Margin of Error; AGE - 70 to 74 years,Female; Estimate; AGE - 70 to 74 years,Female; Margin of Error; AGE - 70 to 74 years,Total; Estimate; AGE - 75 to 79 years,Total; Margin of Error; AGE - 75 to 79 years,Male; Estimate; AGE - 75 to 79 years,Male; Margin of Error; AGE - 75 to 79 years,Female; Estimate; AGE - 75 to 79 years,Female; Margin of Error; AGE - 75 to 79 years,Total; Estimate; AGE - 80 to 84 years,Total; Margin of Error; AGE - 80 to 84 years,Male; Estimate; AGE - 80 to 84 years,Male; Margin of Error; AGE - 80 to 84 years,Female; Estimate; AGE - 80 to 84 years,Female; Margin of Error; AGE - 80 to 84 years,Total; Estimate; AGE - 85 years and over,Total; Margin of Error; AGE - 85 years and over,Male; Estimate; AGE - 85 years and over,Male; Margin of Error; AGE - 85 years and over,Female; Estimate; AGE - 85 years and over,Female; Margin of Error; AGE - 85 years and over,Total; Estimate; SELECTED AGE CATEGORIES - 5 to 14 years,Total; Margin of Error; SELECTED AGE CATEGORIES - 5 to 14 years,Male; Estimate; SELECTED AGE CATEGORIES - 5 to 14 years,Male; Margin of Error; SELECTED AGE CATEGORIES - 5 to 14 years,Female; Estimate; SELECTED AGE CATEGORIES - 5 to 14 years,Female; Margin of Error; SELECTED AGE CATEGORIES - 5 to 14 years,Total; Estimate; SELECTED AGE CATEGORIES - 15 to 17 years,Total; Margin of Error; SELECTED AGE CATEGORIES - 15 to 17 years,Male; Estimate; SELECTED AGE CATEGORIES - 15 to 17 years,Male; Margin of Error; SELECTED AGE CATEGORIES - 15 to 17 years,Female; Estimate; SELECTED AGE CATEGORIES - 15 to 17 years,Female; Margin of Error; SELECTED AGE CATEGORIES - 15 to 17 years,Total; Estimate; SELECTED AGE CATEGORIES - 18 to 24 years,Total; Margin of Error; SELECTED AGE CATEGORIES - 18 to 24 years,Male; Estimate; SELECTED AGE CATEGORIES - 18 to 24 years,Male; Margin of Error; SELECTED AGE CATEGORIES - 18 to 24 years,Female; Estimate; SELECTED AGE CATEGORIES - 18 to 24 years,Female; Margin of Error; SELECTED AGE CATEGORIES - 18 to 24 years,Total; Estimate; SELECTED AGE CATEGORIES - 15 to 44 years,Total; Margin of Error; SELECTED AGE CATEGORIES - 15 to 44 years,Male; Estimate; SELECTED AGE CATEGORIES - 15 to 44 years,Male; Margin of Error; SELECTED AGE CATEGORIES - 15 to 44 years,Female; Estimate; SELECTED AGE CATEGORIES - 15 to 44 years,Female; Margin of Error; SELECTED AGE CATEGORIES - 15 to 44 years,Total; Estimate; SELECTED AGE CATEGORIES - 16 years and over,Total; Margin of Error; SELECTED AGE CATEGORIES - 16 years and over,Male; Estimate; SELECTED AGE CATEGORIES - 16 years and over,Male; Margin of Error; SELECTED AGE CATEGORIES - 16 years and over,Female; Estimate; SELECTED AGE CATEGORIES - 16 years and over,Female; Margin of Error; SELECTED AGE CATEGORIES - 16 years and over,Total; Estimate; SELECTED AGE CATEGORIES - 18 years and over,Total; Margin of Error; SELECTED AGE CATEGORIES - 18 years and over,Male; Estimate; SELECTED AGE CATEGORIES - 18 years and over,Male; Margin of Error; SELECTED AGE CATEGORIES - 18 years and over,Female; Estimate; SELECTED AGE CATEGORIES - 18 years and over,Female; Margin of Error; SELECTED AGE CATEGORIES - 18 years and over,Total; Estimate; SELECTED AGE CATEGORIES - 60 years and over,Total; Margin of Error; SELECTED AGE CATEGORIES - 60 years and over,Male; Estimate; SELECTED AGE CATEGORIES - 60 years and over,Male; Margin of Error; SELECTED AGE CATEGORIES - 60 years and over,Female; Estimate; SELECTED AGE CATEGORIES - 60 years and over,Female; Margin of Error; SELECTED AGE CATEGORIES - 60 years and over,Total; Estimate; SELECTED AGE CATEGORIES - 62 years and over,Total; Margin of Error; SELECTED AGE CATEGORIES - 62 years and over,Male; Estimate; SELECTED AGE CATEGORIES - 62 years and over,Male; Margin of Error; SELECTED AGE CATEGORIES - 62 years and over,Female; Estimate; SELECTED AGE CATEGORIES - 62 years and over,Female; Margin of Error; SELECTED AGE CATEGORIES - 62 years and over,Total; Estimate; SELECTED AGE CATEGORIES - 65 years and over,Total; Margin of Error; SELECTED AGE CATEGORIES - 65 years and over,Male; Estimate; SELECTED AGE CATEGORIES - 65 years and over,Male; Margin of Error; SELECTED AGE CATEGORIES - 65 years and over,Female; Estimate; SELECTED AGE CATEGORIES - 65 years and over,Female; Margin of Error; SELECTED AGE CATEGORIES - 65 years and over,Total; Estimate; SELECTED AGE CATEGORIES - 75 years and over,Total; Margin of Error; SELECTED AGE CATEGORIES - 75 years and over,Male; Estimate; SELECTED AGE CATEGORIES - 75 years and over,Male; Margin of Error; SELECTED AGE CATEGORIES - 75 years and over,Female; Estimate; SELECTED AGE CATEGORIES - 75 years and over,Female; Margin of Error; SELECTED AGE CATEGORIES - 75 years and over,Total; Estimate; SUMMARY INDICATORS - Median age (years),Total; Margin of Error; SUMMARY INDICATORS - Median age (years),Male; Estimate; SUMMARY INDICATORS - Median age (years),Male; Margin of Error; SUMMARY INDICATORS - Median age (years),Female; Estimate; SUMMARY INDICATORS - Median age (years),Female; Margin of Error; SUMMARY INDICATORS - Median age (years),Total; Estimate; SUMMARY INDICATORS - Sex ratio (males per 100 females),Total; Margin of Error; SUMMARY INDICATORS - Sex ratio (males per 100 females),Male; Estimate; SUMMARY INDICATORS - Sex ratio (males per 100 females),Male; Margin of Error; SUMMARY INDICATORS - Sex ratio (males per 100 females),Female; Estimate; SUMMARY INDICATORS - Sex ratio (males per 100 females),Female; Margin of Error; SUMMARY INDICATORS - Sex ratio (males per 100 females),Total; Estimate; SUMMARY INDICATORS - Age dependency ratio,Total; Margin of Error; SUMMARY INDICATORS - Age dependency ratio,Male; Estimate; SUMMARY INDICATORS - Age dependency ratio,Male; Margin of Error; SUMMARY INDICATORS - Age dependency ratio,Female; Estimate; SUMMARY INDICATORS - Age dependency ratio,Female; Margin of Error; SUMMARY INDICATORS - Age dependency ratio,Total; Estimate; SUMMARY INDICATORS - Old-age dependency ratio,Total; Margin of Error; SUMMARY INDICATORS - Old-age dependency ratio,Male; Estimate; SUMMARY INDICATORS - Old-age dependency ratio,Male; Margin of Error; SUMMARY INDICATORS - Old-age dependency ratio,Female; Estimate; SUMMARY INDICATORS - Old-age dependency ratio,Female; Margin of Error; SUMMARY INDICATORS - Old-age dependency ratio,Total; Estimate; SUMMARY INDICATORS - Child dependency ratio,Total; Margin of Error; SUMMARY INDICATORS - Child dependency ratio,Male; Estimate; SUMMARY INDICATORS - Child dependency ratio,Male; Margin of Error; SUMMARY INDICATORS - Child dependency ratio,Female; Estimate; SUMMARY INDICATORS - Child dependency ratio,Female; Margin of Error; SUMMARY INDICATORS - Child dependency ratio,Total; Estimate; PERCENT IMPUTED - Sex,Total; Margin of Error; PERCENT IMPUTED - Sex,Male; Estimate; PERCENT IMPUTED - Sex,Male; Margin of Error; PERCENT IMPUTED - Sex,Female; Estimate; PERCENT IMPUTED - Sex,Female; Margin of Error; PERCENT IMPUTED - Sex,Total; Estimate; PERCENT IMPUTED - Age,Total; Margin of Error; PERCENT IMPUTED - Age,Male; Estimate; PERCENT IMPUTED - Age,Male; Margin of Error; PERCENT IMPUTED - Age,Female; Estimate; PERCENT IMPUTED - Age,Female; Margin of Error; PERCENT IMPUTED - Age
2015,0400000US01,1,Alabama,4858979,,2352810,5380,2506169,5380,5.9,0.1,6.2,0.1,5.5,0.1,6.5,0.1,6.9,0.2,6.2,0.2,6.3,0.1,6.8,0.2,6,0.2,6.8,0.1,7.1,0.2,6.6,0.2,6.8,0.1,7.2,0.2,6.6,0.2,6.5,0.1,6.6,0.1,6.5,0.1,6.3,0.1,6.4,0.1,6.2,0.1,6.3,0.2,6.3,0.2,6.3,0.2,6.3,0.2,6.4,0.2,6.3,0.2,6.3,0.1,6.3,0.1,6.2,0.1,7,0.1,7,0.1,7,0.1,6.9,0.2,6.9,0.3,6.9,0.2,6.3,0.2,6.1,0.2,6.4,0.2,5.4,0.1,5.2,0.1,5.5,0.2,3.9,0.1,3.6,0.1,4.1,0.2,2.8,0.1,2.4,0.1,3.2,0.1,1.9,0.1,1.6,0.1,2.2,0.1,1.7,0.1,1.1,0.1,2.2,0.1,12.9,0.1,13.6,0.1,12.2,0.1,4,0.1,4.2,0.1,3.9,0.1,9.6,0.1,10,0.1,9.3,0.1,39.1,0.1,39.8,0.2,38.5,0.2,79.8,0.1,78.7,0.2,80.9,0.2,77.2,0.1,76,0.1,78.3,0.2,21.9,0.2,20.1,0.3,23.7,0.2,19.3,0.1,17.6,0.2,20.9,0.2,15.7,0.1,14,0.1,17.3,0.1,6.4,0.1,5.1,0.1,7.6,0.1,38.7,0.2,37.2,0.3,40,0.3,93.9,0.4,,,,,62.6,0.2,,,,,25.5,0.1,,,,,37.1,0.1,,,,,0.1,,,,,,1.8,,,,,
2015,0400000US02,2,Alaska,738432,,388695,1732,349737,1732,7.4,0.1,7.2,0.2,7.7,0.3,7.1,0.3,6.9,0.5,7.3,0.5,6.6,0.3,6.7,0.5,6.5,0.5,6.8,0.3,6.9,0.4,6.7,0.3,8.5,0.3,9.5,0.5,7.4,0.3,8.5,0.2,8.7,0.3,8.3,0.3,7.6,0.2,7.7,0.3,7.4,0.3,6.6,0.4,6.7,0.5,6.5,0.5,5.8,0.3,5.6,0.4,6,0.5,5.9,0.2,5.7,0.3,6.1,0.3,6.7,0.2,6.7,0.3,6.7,0.2,6.9,0.3,6.5,0.4,7.3,0.4,6,0.3,6.2,0.4,5.8,0.4,4,0.2,4,0.3,4.1,0.3,2.5,0.2,2.4,0.2,2.6,0.3,1.3,0.2,1.2,0.2,1.4,0.2,1,0.1,0.8,0.2,1.3,0.2,0.8,0.1,0.6,0.2,1,0.2,13.7,0.1,13.6,0.2,13.8,0.2,4.1,0.1,4,0.2,4.3,0.3,11.2,0.2,12.4,0.4,9.8,0.3,43.8,0.3,45.2,0.4,42.3,0.4,77.4,0.2,77.7,0.3,77.1,0.3,74.8,0.1,75.3,0.3,74.2,0.3,15.6,0.3,15.2,0.4,16.1,0.4,12.9,0.3,12.5,0.4,13.3,0.4,9.6,0.1,9,0.2,10.3,0.3,3.1,0.1,2.6,0.1,3.7,0.2,33.3,0.3,32.8,0.4,33.9,0.4,111.1,1,,,,,53.5,0.4,,,,,14.8,0.3,,,,,38.7,0.2,,,,,0.1,,,,,,2.8,,,,,
2015,0400000US04,4,Arizona,6828065,,3387385,2294,3440680,2294,6.3,0.1,6.5,0.1,6.1,0.1,6.7,0.1,6.8,0.1,6.5,0.2,6.7,0.1,6.9,0.1,6.5,0.1,6.8,0.1,7,0.1,6.6,0.1,7,0.1,7.3,0.1,6.7,0.1,6.8,0.1,7.2,0.1,6.5,0.1,6.6,0.1,6.8,0.1,6.4,0.1,6.3,0.1,6.4,0.2,6.1,0.2,6.1,0.1,6.2,0.2,6.1,0.2,6,0.1,6.1,0.1,6,0.1,6.3,0.1,6.2,0.1,6.4,0.1,6.1,0.1,5.9,0.2,6.3,0.1,5.8,0.1,5.5,0.1,6.1,0.1,5.3,0.1,5,0.1,5.7,0.1,4.2,0.1,4.1,0.1,4.4,0.1,3,0.1,2.9,0.1,3.1,0.1,1.9,0.1,1.8,0.1,2.1,0.1,1.9,0.1,1.5,0.1,2.3,0.1,13.4,0.1,13.8,0.1,13.1,0.1,4,0.1,4.1,0.1,3.9,0.1,9.8,0.1,10.2,0.1,9.4,0.1,39.6,0.1,40.8,0.1,38.4,0.1,79,0.1,78.4,0.1,79.5,0.1,76.3,0.1,75.6,0.1,76.9,0.1,22.2,0.1,20.7,0.2,23.7,0.1,19.9,0.1,18.6,0.1,21.2,0.1,16.4,0.1,15.2,0.1,17.6,0.1,6.8,0.1,6.1,0.1,7.5,0.1,37.4,0.1,36.1,0.2,38.8,0.2,98.5,0.1,,,,,67.1,0.1,,,,,27.4,0.1,,,,,39.7,0.1,,,,,0.1,,,,,,2,,,,,
2015,0400000US05,5,Arkansas,2978204,,1463576,3921,1514628,3921,6.3,0.1,6.5,0.2,6.2,0.1,6.7,0.2,7.2,0.2,6.2,0.2,6.7,0.2,6.9,0.2,6.5,0.3,6.8,0.1,7.4,0.3,6.2,0.2,6.7,0.2,6.8,0.2,6.6,0.2,6.6,0.1,6.5,0.2,6.7,0.2,6.3,0.1,6.5,0.2,6.2,0.1,6.2,0.1,6.3,0.2,6.1,0.2,6.1,0.2,6.2,0.2,6.1,0.2,6.1,0.1,6.3,0.2,6,0.1,6.8,0.1,6.7,0.1,6.8,0.1,6.7,0.2,6.5,0.2,6.8,0.3,5.9,0.2,5.7,0.2,6,0.3,5.3,0.1,5.1,0.2,5.4,0.2,4.1,0.1,3.8,0.2,4.3,0.2,2.7,0.1,2.5,0.1,2.9,0.2,2,0.1,1.6,0.1,2.3,0.1,2,0.1,1.5,0.1,2.5,0.2,13.4,0.1,14.1,0.2,12.7,0.2,4,0.1,4.4,0.2,3.6,0.1,9.6,0.1,9.9,0.2,9.2,0.2,38.8,0.1,39.7,0.2,37.9,0.2,79,0.1,78.1,0.2,79.9,0.2,76.3,0.1,75.1,0.2,77.4,0.2,21.9,0.2,20.2,0.2,23.6,0.3,19.5,0.2,17.9,0.2,21.1,0.2,16.1,0.1,14.5,0.1,17.5,0.1,6.7,0.1,5.5,0.1,7.8,0.1,37.9,0.2,36.6,0.3,39.3,0.3,96.6,0.5,,,,,66,0.2,,,,,26.6,0.1,,,,,39.3,0.1,,,,,0.1,,,,,,1.5,,,,,
2015,0400000US06,6,California,39144818,,19440558,4443,19704260,4443,6.4,0.1,6.6,0.1,6.2,0.1,6.5,0.1,6.6,0.1,6.3,0.1,6.4,0.1,6.6,0.1,6.2,0.1,6.7,0.1,6.9,0.1,6.5,0.1,7.4,0.1,7.7,0.1,7.1,0.1,7.7,0.1,7.9,0.1,7.4,0.1,7.2,0.1,7.5,0.1,7,0.1,6.7,0.1,6.8,0.1,6.6,0.1,6.6,0.1,6.6,0.1,6.6,0.1,6.6,0.1,6.7,0.1,6.6,0.1,6.8,0.1,6.7,0.1,6.8,0.1,6.3,0.1,6.2,0.1,6.4,0.1,5.5,0.1,5.3,0.1,5.7,0.1,4.5,0.1,4.3,0.1,4.7,0.1,3.1,0.1,2.9,0.1,3.4,0.1,2.2,0.1,2,0.1,2.5,0.1,1.6,0.1,1.4,0.1,1.9,0.1,1.8,0.1,1.3,0.1,2.2,0.1,12.9,0.1,13.3,0.1,12.6,0.1,4,0.1,4.1,0.1,3.8,0.1,10.1,0.1,10.5,0.1,9.7,0.1,42.2,0.1,43.3,0.1,41.1,0.1,79.4,0.1,78.8,0.1,79.9,0.1,76.7,0.1,76.1,0.1,77.4,0.1,18.7,0.1,17.1,0.1,20.3,0.1,16.4,0.1,14.8,0.1,18,0.1,13.3,0.1,11.8,0.1,14.7,0.1,5.6,0.1,4.7,0.1,6.6,0.1,36.2,0.1,35.1,0.1,37.4,0.1,98.7,0.1,,,,,57.6,0.1,,,,,20.9,0.1,,,,,36.7,0.1,,,,,0,,,,,,2,,,,,
2015,0400000US08,8,Colorado,5456574,,2741020,3494,2715554,3494,6.1,0.1,6.2,0.1,6,0.1,6.6,0.1,6.7,0.2,6.5,0.2,6.5,0.1,6.6,0.2,6.5,0.2,6.4,0.1,6.6,0.1,6.3,0.1,7,0.1,7.4,0.1,6.6,0.1,7.7,0.1,7.9,0.1,7.4,0.1,7.5,0.1,7.7,0.1,7.3,0.1,7,0.1,7.1,0.2,6.9,0.2,6.5,0.1,6.8,0.2,6.3,0.2,6.4,0.1,6.4,0.1,6.3,0.1,6.7,0.1,6.6,0.1,6.8,0.1,6.5,0.1,6.4,0.2,6.5,0.2,6.1,0.1,5.8,0.2,6.3,0.1,4.8,0.1,4.6,0.1,5,0.1,3.2,0.1,3,0.1,3.4,0.1,2.1,0.1,1.9,0.1,2.3,0.1,1.5,0.1,1.2,0.1,1.7,0.1,1.5,0.1,1.2,0.1,1.9,0.1,13.1,0.1,13.3,0.1,13,0.1,3.8,0.1,3.9,0.1,3.7,0.1,9.7,0.1,10.1,0.1,9.2,0.1,42.1,0.1,43.5,0.1,40.8,0.1,79.4,0.1,79.1,0.1,79.7,0.1,77,0.1,76.6,0.1,77.3,0.1,19.1,0.1,17.6,0.2,20.6,0.2,16.5,0.1,15.2,0.1,17.9,0.2,13,0.1,11.8,0.1,14.3,0.1,5,0.1,4.2,0.1,5.9,0.1,36.4,0.1,35.5,0.2,37.3,0.2,100.9,0.3,,,,,56.4,0.1,,,,,20.4,0.1,,,,,36,0.1,,,,,0.1,,,,,,1.4,,,,,
2015,0400000US09,9,Connecticut,3590886,,1752063,1923,1838823,1923,5.2,0.1,5.4,0.1,5,0.1,5.8,0.2,6,0.2,5.5,0.2,6.3,0.2,6.6,0.3,5.9,0.2,7,0.1,7.3,0.1,6.7,0.1,6.9,0.1,7.3,0.1,6.5,0.1,6.1,0.1,6.4,0.1,5.9,0.1,6.2,0.1,6.4,0.1,6.1,0.1,5.8,0.2,6.1,0.2,5.5,0.2,6.2,0.2,5.9,0.2,6.5,0.2,7.2,0.1,7.1,0.1,7.2,0.1,7.8,0.1,7.7,0.1,7.9,0.1,7.5,0.2,7.5,0.2,7.5,0.2,6.4,0.2,6.2,0.2,6.5,0.2,5,0.1,4.8,0.2,5.1,0.2,3.8,0.1,3.5,0.2,4.1,0.2,2.6,0.1,2.3,0.1,2.8,0.1,1.9,0.1,1.6,0.1,2.3,0.1,2.5,0.1,1.7,0.1,3.2,0.2,12,0.1,12.7,0.1,11.5,0.1,4,0.1,4.2,0.1,3.8,0.1,9.8,0.1,10.4,0.1,9.3,0.1,38.2,0.1,39.4,0.1,37.1,0.1,81.4,0.1,80.5,0.1,82.3,0.1,78.7,0.1,77.7,0.1,79.8,0.1,22.1,0.2,20.2,0.2,23.9,0.2,19.4,0.1,17.5,0.2,21.2,0.2,15.7,0.1,13.9,0.1,17.5,0.1,7,0.1,5.6,0.1,8.3,0.1,40.6,0.2,38.6,0.2,42.5,0.2,95.3,0.2,,,,,58.7,0.1,,,,,25,0.1,,,,,33.7,0.1,,,,,0,,,,,,1.5,,,,,
2015,0400000US10,10,Delaware,945934,,458208,1047,487726,1047,5.9,0.1,6.2,0.1,5.5,0.1,5.6,0.4,5.7,0.5,5.5,0.5,6.5,0.4,6.9,0.5,6.1,0.5,6.4,0.2,6.7,0.3,6.1,0.2,6.7,0.1,7.1,0.2,6.3,0.2,6.9,0.1,7,0.2,6.7,0.2,6.3,0.1,6.3,0.1,6.2,0.2,6.2,0.3,6.5,0.4,6,0.4,5.5,0.3,5.3,0.4,5.7,0.5,6.5,0.1,6.4,0.1,6.5,0.1,7.2,0.1,7.3,0.2,7.2,0.1,7,0.3,6.7,0.4,7.3,0.4,6.5,0.3,6.3,0.4,6.7,0.4,5.9,0.2,5.4,0.4,6.3,0.3,4.3,0.2,4.3,0.3,4.2,0.3,2.9,0.2,2.5,0.2,3.1,0.3,1.9,0.2,1.8,0.2,2.1,0.2,2.1,0.2,1.6,0.2,2.5,0.2,12,0.1,12.5,0.1,11.6,0.1,3.7,0.1,4,0.2,3.4,0.1,9.4,0.1,9.8,0.2,9,0.2,37.9,0.1,38.9,0.2,37,0.2,80.9,0.2,79.8,0.3,82,0.3,78.4,0.1,77.2,0.1,79.5,0.1,23.5,0.3,22,0.4,24.9,0.4,20.7,0.3,19.2,0.3,22.1,0.4,17,0.1,15.7,0.1,18.2,0.1,6.9,0.1,6,0.1,7.7,0.1,39.7,0.4,37.9,0.3,41.2,0.4,93.9,0.4,,,,,62.8,0.2,,,,,27.7,0.1,,,,,35.2,0.1,,,,,0,,,,,,1.5,,,,,
2015,0400000US11,11,District of Columbia,672228,,319705,699,352523,699,6.4,0.1,6.9,0.1,6,0.1,4.8,0.3,5.1,0.4,4.6,0.4,3.9,0.3,4.2,0.4,3.7,0.4,5.7,0.3,5.7,0.4,5.7,0.4,8.7,0.3,8.5,0.4,8.9,0.4,11.6,0.1,11.3,0.1,11.9,0.1,11.1,0.1,11.1,0.1,11,0.1,7.9,0.4,8.1,0.7,7.7,0.5,6.4,0.4,7,0.7,6,0.5,5.8,0.1,6.1,0.1,5.5,0.1,5.7,0.1,6.1,0.1,5.4,0.1,5.6,0.3,5.9,0.4,5.4,0.4,4.8,0.3,4.5,0.4,5.1,0.4,3.7,0.2,3,0.3,4.4,0.3,2.8,0.2,2.9,0.4,2.8,0.3,1.8,0.2,1.5,0.2,2.1,0.3,1.3,0.2,1,0.2,1.6,0.2,1.7,0.2,1.3,0.2,2.2,0.2,8.8,0.1,9.3,0.1,8.3,0.1,2.3,0.1,2.6,0.1,2.1,0.1,12.1,0.1,11.6,0.1,12.6,0.1,51.5,0.1,51.7,0.1,51.3,0.1,83.9,0.2,82.8,0.3,84.9,0.3,82.5,0.1,81.2,0.2,83.6,0.1,16.2,0.3,14.1,0.4,18.1,0.4,14.1,0.3,12.2,0.4,15.9,0.4,11.4,0.1,9.6,0.2,13,0.1,4.8,0.1,3.7,0.1,5.9,0.2,33.8,0.2,33.4,0.3,34.1,0.2,90.7,0.4,,,,,40.7,0.2,,,,,16,0.2,,,,,24.7,0.1,,,,,0,,,,,,1.9,,,,,
2015,0400000US12,12,Florida,20271272,,9891238,6494,10380034,6494,5.4,0.1,5.7,0.1,5.2,0.1,5.6,0.1,5.9,0.1,5.4,0.1,5.7,0.1,5.9,0.1,5.4,0.1,6,0.1,6.2,0.1,5.7,0.1,6.3,0.1,6.7,0.1,6,0.1,6.6,0.1,6.8,0.1,6.3,0.1,6.2,0.1,6.3,0.1,6.1,0.1,6,0.1,6.1,0.1,5.9,0.1,6.1,0.1,6.2,0.1,6.1,0.1,6.4,0.1,6.5,0.1,6.4,0.1,7.1,0.1,7.1,0.1,7.1,0.1,6.7,0.1,6.6,0.1,6.8,0.1,6.4,0.1,6,0.1,6.7,0.1,6,0.1,5.7,0.1,6.2,0.1,4.8,0.1,4.6,0.1,5,0.1,3.5,0.1,3.4,0.1,3.7,0.1,2.5,0.1,2.3,0.1,2.8,0.1,2.6,0.1,2,0.1,3.2,0.1,11.3,0.1,11.8,0.1,10.8,0.1,3.6,0.1,3.7,0.1,3.4,0.1,8.8,0.1,9.2,0.1,8.3,0.1,37.3,0.1,38.4,0.1,36.1,0.1,82.1,0.1,81.3,0.1,82.8,0.1,79.8,0.1,78.9,0.1,80.6,0.1,25.8,0.1,23.9,0.1,27.6,0.1,23.2,0.1,21.5,0.1,24.9,0.1,19.5,0.1,17.9,0.1,20.9,0.1,8.7,0.1,7.6,0.1,9.7,0.1,41.8,0.1,40.3,0.1,43.3,0.1,95.3,0.1,,,,,65.8,0.1,,,,,32.3,0.1,,,,,33.6,0.1,,,,,0.1,,,,,,2.4,,,,,
2015,0400000US13,13,Georgia,10214860,,4975458,7577,5239402,7577,6.4,0.1,6.7,0.1,6,0.1,7,0.1,7.5,0.2,6.6,0.2,6.9,0.1,7.1,0.1,6.8,0.2,7.1,0.1,7.5,0.1,6.7,0.1,7.1,0.1,7.4,0.1,6.8,0.1,6.9,0.1,7.1,0.1,6.7,0.1,6.7,0.1,6.7,0.1,6.7,0.1,6.8,0.1,6.7,0.1,6.8,0.1,6.8,0.1,6.8,0.1,6.9,0.2,6.8,0.1,6.9,0.1,6.8,0.1,6.9,0.1,6.8,0.1,6.9,0.1,6.3,0.1,6.2,0.1,6.4,0.1,5.5,0.1,5.2,0.1,5.8,0.1,4.6,0.1,4.4,0.1,4.8,0.1,3.3,0.1,3.1,0.1,3.5,0.1,2.1,0.1,1.9,0.1,2.3,0.1,1.4,0.1,1.2,0.1,1.7,0.1,1.3,0.1,0.8,0.1,1.7,0.1,14,0.1,14.6,0.1,13.4,0.1,4.2,0.1,4.4,0.1,3.9,0.1,10.1,0.1,10.5,0.1,9.7,0.1,41.4,0.1,42.2,0.1,40.6,0.1,78.3,0.1,77.3,0.1,79.3,0.1,75.5,0.1,74.3,0.1,76.7,0.1,18.3,0.1,16.6,0.1,19.9,0.1,15.9,0.1,14.3,0.1,17.4,0.1,12.8,0.1,11.3,0.1,14.1,0.1,4.8,0.1,3.9,0.1,5.7,0.1,36.4,0.2,35,0.1,37.6,0.2,95,0.3,,,,,59.4,0.1,,,,,20.3,0.1,,,,,39,0.1,,,,,0,,,,,,2.3,,,,,
2015,0400000US15,15,Hawaii,1431603,,724635,1325,706968,1325,6.4,0.1,6.4,0.1,6.4,0.1,6,0.2,6,0.4,6,0.3,6,0.2,6.1,0.4,5.8,0.3,5.4,0.1,5.5,0.2,5.3,0.1,7.3,0.1,8.2,0.2,6.4,0.1,7.9,0.1,8.6,0.2,7.2,0.1,7.2,0.1,7.6,0.1,6.9,0.1,6.2,0.2,6.4,0.3,6,0.3,6.2,0.2,6.2,0.3,6.2,0.3,6,0.1,6,0.1,6.1,0.1,6.2,0.1,6.1,0.1,6.2,0.1,6.8,0.3,6.7,0.3,6.9,0.3,5.8,0.3,5.5,0.3,6.1,0.3,5.6,0.2,5.3,0.2,5.8,0.3,3.8,0.2,3.6,0.2,4,0.3,2.5,0.2,2.3,0.2,2.7,0.3,1.9,0.2,1.5,0.2,2.4,0.2,2.8,0.2,2,0.2,3.5,0.3,12,0.1,12.1,0.1,11.8,0.1,3.3,0.1,3.3,0.1,3.3,0.1,9.4,0.1,10.4,0.2,8.4,0.1,40.3,0.1,42.5,0.1,38,0.1,80.5,0.1,80.3,0.2,80.7,0.2,78.3,0.1,78.1,0.1,78.4,0.1,22.4,0.3,20.2,0.3,24.6,0.4,20,0.2,17.9,0.3,22.1,0.3,16.6,0.1,14.7,0.1,18.4,0.1,7.2,0.1,5.8,0.1,8.7,0.1,37.7,0.2,36,0.2,40,0.3,102.5,0.4,,,,,62.1,0.1,,,,,26.9,0.1,,,,,35.2,0.1,,,,,0,,,,,,3.3,,,,,
2015,0400000US16,16,Idaho,1654930,,826819,2813,828111,2813,6.8,0.1,6.7,0.1,6.8,0.2,7.5,0.3,8.1,0.4,7,0.4,7.5,0.2,7.5,0.3,7.5,0.4,7.1,0.1,7.2,0.3,7,0.2,6.7,0.2,6.9,0.2,6.5,0.2,6.5,0.2,6.6,0.2,6.5,0.2,6.6,0.2,6.7,0.2,6.5,0.2,6.5,0.3,6.7,0.3,6.3,0.4,5.9,0.3,5.8,0.3,5.9,0.4,5.8,0.1,5.9,0.2,5.8,0.2,6.2,0.1,6.1,0.2,6.3,0.1,6.2,0.3,6,0.4,6.5,0.3,6,0.3,6.1,0.4,6,0.3,5.1,0.2,5.2,0.3,5,0.3,3.7,0.2,3.3,0.2,4,0.3,2.6,0.2,2.5,0.2,2.7,0.3,1.7,0.2,1.6,0.2,1.8,0.2,1.6,0.1,1.1,0.1,2.1,0.2,15,0.1,15.5,0.2,14.5,0.2,4.3,0.1,4.5,0.2,4.2,0.2,9.5,0.2,9.6,0.2,9.3,0.2,39.3,0.2,39.9,0.3,38.7,0.3,76.8,0.2,76.2,0.3,77.4,0.3,73.9,0.1,73.2,0.2,74.5,0.2,20.7,0.3,19.9,0.4,21.5,0.4,18.2,0.2,17.3,0.3,19.1,0.3,14.7,0.1,13.8,0.1,15.6,0.2,5.9,0.1,5.2,0.1,6.6,0.1,35.8,0.2,35.2,0.3,36.5,0.3,99.8,0.7,,,,,69,0.4,,,,,24.8,0.2,,,,,44.1,0.2,,,,,0,,,,,,1.3,,,,,
2015,0400000US17,17,Illinois,12859995,,6310435,4724,6549560,4724,6.1,0.1,6.3,0.1,5.9,0.1,6.4,0.1,6.7,0.1,6.1,0.1,6.6,0.1,6.8,0.1,6.4,0.1,6.7,0.1,6.9,0.1,6.4,0.1,7,0.1,7.2,0.1,6.7,0.1,6.9,0.1,7,0.1,6.7,0.1,6.9,0.1,7.1,0.1,6.8,0.1,6.6,0.1,6.7,0.1,6.6,0.1,6.4,0.1,6.5,0.1,6.2,0.1,6.6,0.1,6.6,0.1,6.5,0.1,7,0.1,7,0.1,7,0.1,6.8,0.1,6.8,0.1,6.9,0.1,6,0.1,5.8,0.1,6.1,0.1,4.7,0.1,4.5,0.1,4.9,0.1,3.4,0.1,3.2,0.1,3.6,0.1,2.4,0.1,2.2,0.1,2.7,0.1,1.8,0.1,1.4,0.1,2.1,0.1,1.9,0.1,1.3,0.1,2.5,0.1,13,0.1,13.5,0.1,12.5,0.1,4,0.1,4.2,0.1,3.8,0.1,9.6,0.1,10,0.1,9.3,0.1,40.4,0.1,41.4,0.1,39.4,0.1,79.6,0.1,78.8,0.1,80.4,0.1,77,0.1,76.1,0.1,77.8,0.1,20.2,0.1,18.4,0.1,21.9,0.1,17.6,0.1,15.9,0.1,19.3,0.1,14.2,0.1,12.5,0.1,15.8,0.1,6.1,0.1,4.9,0.1,7.3,0.1,37.7,0.2,36.4,0.1,38.8,0.1,96.3,0.1,,,,,59.3,0.1,,,,,22.7,0.1,,,,,36.7,0.1,,,,,0.1,,,,,,1.5,,,,,
2015,0400000US18,18,Indiana,6619680,,3253089,4727,3366591,4727,6.3,0.1,6.5,0.1,6.2,0.1,6.5,0.1,6.7,0.2,6.3,0.2,6.9,0.1,7.3,0.2,6.5,0.2,7,0.1,7.2,0.1,6.9,0.1,7.3,0.1,7.6,0.1,7,0.1,6.4,0.1,6.6,0.1,6.3,0.1,6.3,0.1,6.4,0.1,6.2,0.1,6.3,0.1,6.4,0.2,6.2,0.1,6.2,0.1,6.3,0.2,6,0.2,6.3,0.1,6.4,0.1,6.3,0.1,6.9,0.1,6.9,0.1,6.9,0.1,6.8,0.1,6.7,0.2,7,0.1,6.1,0.1,6.1,0.2,6.1,0.1,4.8,0.1,4.7,0.1,5,0.1,3.6,0.1,3.4,0.1,3.8,0.1,2.6,0.1,2.3,0.1,2.8,0.1,1.7,0.1,1.4,0.1,2.1,0.1,1.9,0.1,1.2,0.1,2.5,0.1,13.4,0.1,14,0.1,12.8,0.1,4.2,0.1,4.2,0.1,4.1,0.1,10.2,0.1,10.6,0.1,9.9,0.1,39.5,0.1,40.4,0.1,38.7,0.1,78.8,0.1,78,0.1,79.6,0.1,76.1,0.1,75.3,0.1,77,0.1,20.7,0.1,19,0.2,22.3,0.1,18,0.1,16.4,0.1,19.6,0.2,14.6,0.1,13,0.1,16.2,0.1,6.2,0.1,4.9,0.1,7.4,0.1,37.5,0.1,36.3,0.2,38.7,0.2,96.6,0.3,,,,,62.5,0.1,,,,,23.7,0.1,,,,,38.8,0.1,,,,,0.1,,,,,,1.1,,,,,
2015,0400000US19,19,Iowa,3123899,,1549289,3241,1574610,3241,6.2,0.1,6.4,0.1,6.1,0.1,6.6,0.2,7,0.2,6.3,0.2,6.5,0.2,6.6,0.2,6.4,0.2,7.1,0.1,7.5,0.2,6.7,0.1,7.1,0.1,7.3,0.2,7,0.1,6.1,0.1,6.2,0.1,6.1,0.1,6.4,0.1,6.6,0.1,6.3,0.1,6,0.2,6.1,0.2,5.9,0.3,5.8,0.2,5.9,0.2,5.6,0.2,6,0.1,6.1,0.1,5.9,0.1,6.8,0.1,6.8,0.1,6.7,0.1,6.7,0.2,6.7,0.2,6.7,0.2,6.5,0.2,6.5,0.2,6.5,0.2,4.9,0.1,4.8,0.2,5,0.1,3.7,0.1,3.5,0.1,3.8,0.1,2.8,0.1,2.5,0.1,3.1,0.1,2.1,0.1,1.8,0.1,2.4,0.1,2.5,0.1,1.7,0.1,3.4,0.1,13.1,0.1,13.6,0.1,12.7,0.1,4,0.1,4.1,0.1,3.8,0.1,10.3,0.1,10.7,0.2,9.9,0.1,38.6,0.1,39.6,0.2,37.6,0.1,79.2,0.1,78.6,0.2,79.8,0.2,76.7,0.1,76,0.1,77.4,0.1,22.5,0.2,20.8,0.2,24.2,0.2,19.8,0.1,18,0.2,21.6,0.2,16,0.1,14.3,0.1,17.8,0.1,7.5,0.1,6,0.1,8.9,0.1,38.1,0.2,36.8,0.2,39.4,0.3,98.4,0.4,,,,,64.9,0.2,,,,,26.5,0.1,,,,,38.5,0.1,,,,,0.1,,,,,,1.3,,,,,
2015,0400000US20,20,Kansas,2911641,,1449224,3248,1462417,3248,6.8,0.1,6.9,0.1,6.6,0.1,6.9,0.2,6.8,0.3,6.9,0.3,7,0.2,7.3,0.3,6.6,0.2,7.2,0.1,7.4,0.2,6.9,0.2,7.4,0.2,8,0.2,6.8,0.2,6.5,0.1,6.8,0.2,6.3,0.1,6.7,0.1,6.8,0.1,6.6,0.1,6.1,0.2,6.2,0.3,6.1,0.2,5.8,0.2,5.9,0.2,5.7,0.2,5.8,0.1,5.9,0.2,5.7,0.1,6.6,0.1,6.6,0.1,6.7,0.1,6.7,0.1,6.7,0.2,6.7,0.2,5.9,0.1,5.7,0.2,6.2,0.2,4.7,0.1,4.5,0.1,4.8,0.2,3.4,0.1,3.2,0.1,3.6,0.2,2.5,0.1,2.2,0.1,2.8,0.2,2,0.1,1.7,0.1,2.3,0.1,2.1,0.1,1.4,0.1,2.7,0.1,13.8,0.1,14.1,0.1,13.5,0.1,4.2,0.1,4.3,0.1,4,0.1,10.4,0.1,11,0.2,9.8,0.2,39.7,0.1,41.1,0.2,38.3,0.2,78,0.1,77.5,0.2,78.4,0.2,75.3,0.1,74.7,0.2,75.9,0.1,20.6,0.1,18.6,0.2,22.5,0.2,18.1,0.1,16.4,0.2,19.8,0.2,14.6,0.1,13,0.1,16.3,0.1,6.6,0.1,5.2,0.1,7.9,0.1,36.2,0.2,35,0.2,37.7,0.2,99.1,0.4,,,,,64.9,0.2,,,,,24.1,0.1,,,,,40.8,0.2,,,,,0.1,,,,,,1.2,,,,,
2015,0400000US21,21,Kentucky,4425092,,2174892,4384,2250200,4384,6.2,0.1,6.4,0.1,5.9,0.1,6.3,0.1,6.6,0.2,6,0.2,6.4,0.1,6.7,0.2,6.2,0.2,6.7,0.1,6.9,0.1,6.5,0.1,6.8,0.1,7.2,0.1,6.5,0.1,6.5,0.1,6.6,0.1,6.4,0.1,6.2,0.1,6.3,0.1,6.1,0.1,6.3,0.1,6.4,0.2,6.1,0.2,6.5,0.1,6.6,0.2,6.3,0.2,6.4,0.1,6.5,0.1,6.4,0.1,7.2,0.1,7.2,0.1,7.2,0.1,7,0.1,6.9,0.2,7.1,0.2,6.3,0.1,6.2,0.2,6.4,0.2,5.3,0.1,5,0.1,5.5,0.2,3.8,0.1,3.6,0.1,4,0.1,2.6,0.1,2.3,0.1,2.9,0.1,1.8,0.1,1.5,0.1,2,0.1,1.7,0.1,1.1,0.1,2.4,0.1,12.7,0.1,13.2,0.1,12.2,0.1,3.9,0.1,4.1,0.1,3.8,0.1,9.6,0.1,10,0.1,9.2,0.1,39,0.1,40,0.1,38,0.1,79.8,0.1,79,0.1,80.6,0.1,77.2,0.1,76.2,0.1,78,0.1,21.5,0.1,19.8,0.2,23.2,0.2,18.8,0.1,17.1,0.2,20.5,0.2,15.2,0.1,13.6,0.1,16.8,0.1,6.2,0.1,5,0.1,7.3,0.1,38.8,0.3,37.5,0.2,40.1,0.2,96.7,0.4,,,,,61.5,0.2,,,,,24.6,0.1,,,,,36.9,0.1,,,,,0.1,,,,,,1.3,,,,,
2015,0400000US22,22,Louisiana,4670724,,2286299,5065,2384425,5065,6.5,0.1,6.9,0.1,6.1,0.1,7,0.2,7.2,0.2,6.7,0.2,6.4,0.2,6.8,0.2,6,0.2,6.7,0.1,7.1,0.2,6.3,0.2,7.1,0.1,7.4,0.2,6.9,0.1,7.2,0.1,7.2,0.1,7.3,0.1,7.1,0.1,7.2,0.1,7.1,0.1,6.4,0.1,6.8,0.2,6.1,0.2,5.9,0.2,5.9,0.2,6,0.2,6,0.1,5.9,0.1,6.2,0.1,6.7,0.1,6.7,0.1,6.8,0.1,6.7,0.1,6.6,0.2,6.8,0.2,6.1,0.2,6,0.2,6.1,0.2,4.9,0.1,4.8,0.1,5,0.2,3.4,0.1,3,0.1,3.7,0.1,2.4,0.1,2.2,0.1,2.6,0.1,1.8,0.1,1.4,0.1,2.1,0.1,1.6,0.1,1.1,0.1,2.1,0.1,13.4,0.1,14,0.2,12.7,0.1,4,0.1,4.2,0.1,3.8,0.1,9.8,0.1,10.3,0.2,9.4,0.2,40.6,0.1,41.4,0.2,39.7,0.2,78.7,0.1,77.6,0.2,79.8,0.2,76.1,0.1,74.9,0.1,77.3,0.1,20,0.2,18.4,0.2,21.6,0.2,17.5,0.1,15.9,0.2,19,0.2,14,0.1,12.4,0.1,15.5,0.1,5.8,0.1,4.7,0.1,6.9,0.1,36.4,0.1,35.1,0.3,37.7,0.2,95.9,0.4,,,,,61,0.2,,,,,22.5,0.1,,,,,38.5,0.1,,,,,0.1,,,,,,1.7,,,,,
2015,0400000US23,23,Maine,1329328,,651030,2161,678298,2161,4.8,0.1,4.9,0.1,4.7,0.1,5.2,0.3,5.5,0.4,4.9,0.4,5.6,0.2,6.1,0.3,5.2,0.3,6.1,0.1,6.5,0.2,5.7,0.2,5.9,0.1,6.3,0.2,5.6,0.2,5.7,0.1,5.7,0.2,5.7,0.1,5.7,0.1,5.7,0.1,5.7,0.1,5.3,0.3,5.4,0.3,5.2,0.4,6.2,0.3,6.1,0.3,6.2,0.4,6.8,0.1,6.9,0.1,6.8,0.1,7.9,0.1,7.9,0.1,7.9,0.1,8.3,0.3,8.1,0.4,8.5,0.4,7.5,0.2,7.5,0.4,7.5,0.4,6.5,0.2,6.5,0.3,6.6,0.3,4.5,0.2,4.3,0.3,4.6,0.3,3.2,0.2,3.1,0.2,3.4,0.2,2.2,0.2,1.9,0.2,2.5,0.2,2.4,0.2,1.6,0.2,3.1,0.2,10.9,0.1,11.6,0.2,10.2,0.2,3.6,0.1,3.8,0.1,3.4,0.1,8.4,0.2,8.9,0.2,8,0.2,35,0.1,35.7,0.2,34.2,0.2,83,0.2,82,0.2,84,0.2,80.8,0.1,79.7,0.2,81.8,0.2,26.3,0.3,24.9,0.4,27.7,0.4,23.3,0.3,21.8,0.3,24.7,0.3,18.8,0.1,17.4,0.1,20.2,0.1,7.8,0.1,6.6,0.1,9,0.1,44.6,0.2,43.3,0.3,45.7,0.3,96,0.6,,,,,61.5,0.4,,,,,30.4,0.2,,,,,31.1,0.2,,,,,0.1,,,,,,1.2,,,,,
2015,0400000US24,24,Maryland,6006401,,2912348,3611,3094053,3611,6.1,0.1,6.4,0.1,5.8,0.1,6.3,0.1,6.6,0.2,5.9,0.2,6.2,0.1,6.6,0.2,5.9,0.2,6.5,0.1,6.7,0.1,6.2,0.1,6.7,0.1,7.1,0.1,6.3,0.1,7,0.1,7.2,0.1,6.9,0.1,6.8,0.1,6.9,0.1,6.8,0.1,6.5,0.1,6.5,0.2,6.5,0.2,6.3,0.1,6.4,0.2,6.2,0.2,6.9,0.1,6.9,0.1,6.9,0.1,7.6,0.1,7.5,0.1,7.6,0.1,7,0.1,7,0.2,7,0.2,6,0.1,5.7,0.2,6.3,0.2,4.9,0.1,4.7,0.1,5.1,0.1,3.4,0.1,3.2,0.1,3.6,0.1,2.4,0.1,2.1,0.1,2.6,0.1,1.7,0.1,1.4,0.1,1.9,0.1,1.8,0.1,1.2,0.1,2.3,0.1,12.5,0.1,13.2,0.1,11.8,0.1,3.9,0.1,4,0.1,3.7,0.1,9.3,0.1,9.7,0.1,8.8,0.1,39.8,0.1,40.8,0.1,38.9,0.1,80.2,0.1,79,0.1,81.2,0.1,77.6,0.1,76.4,0.1,78.7,0.1,20.1,0.1,18.3,0.2,21.9,0.2,17.6,0.1,15.8,0.1,19.2,0.1,14.1,0.1,12.5,0.1,15.6,0.1,5.8,0.1,4.7,0.1,6.9,0.1,38.3,0.2,36.7,0.2,39.8,0.2,94.1,0.2,,,,,57.6,0.1,,,,,22.2,0.1,,,,,35.4,0.1,,,,,0.1,,,,,,1.8,,,,,
2015,0400000US25,25,Massachusetts,6794422,,3297384,2458,3497038,2458,5.4,0.1,5.7,0.1,5.1,0.1,5.5,0.1,5.7,0.2,5.3,0.1,5.8,0.1,6.2,0.2,5.5,0.2,6.7,0.1,7,0.1,6.5,0.1,7.3,0.1,7.5,0.1,7,0.1,7.1,0.1,7.3,0.1,6.9,0.1,6.7,0.1,6.8,0.1,6.6,0.1,6.1,0.1,6.3,0.2,6,0.2,6.2,0.1,6.2,0.1,6.3,0.2,6.9,0.1,6.9,0.1,6.9,0.1,7.5,0.1,7.5,0.1,7.4,0.1,7,0.1,7,0.2,7,0.1,6.3,0.1,6.2,0.1,6.4,0.1,5,0.1,4.8,0.1,5.2,0.1,3.7,0.1,3.4,0.1,3.9,0.1,2.4,0.1,2.2,0.1,2.7,0.1,2,0.1,1.6,0.1,2.3,0.1,2.3,0.1,1.5,0.1,3,0.1,11.3,0.1,11.9,0.1,10.8,0.1,3.7,0.1,3.9,0.1,3.5,0.1,10.3,0.1,10.6,0.1,10,0.1,40.2,0.1,41.2,0.1,39.3,0.1,82.1,0.1,81.2,0.1,83,0.1,79.6,0.1,78.5,0.1,80.6,0.1,21.7,0.1,19.8,0.2,23.5,0.1,19,0.1,17.1,0.1,20.8,0.1,15.4,0.1,13.6,0.1,17,0.1,6.7,0.1,5.3,0.1,8,0.1,39.4,0.1,37.8,0.2,40.9,0.2,94.3,0.1,,,,,55.7,0.1,,,,,23.9,0.1,,,,,31.8,0.1,,,,,0,,,,,,1.6,,,,,
2015,0400000US26,26,Michigan,9922576,,4877067,3442,5045509,3442,5.8,0.1,6,0.1,5.5,0.1,6,0.1,6.3,0.1,5.8,0.1,6.4,0.1,6.6,0.1,6.2,0.1,6.8,0.1,7.1,0.1,6.5,0.1,7.2,0.1,7.4,0.1,6.9,0.1,6.3,0.1,6.5,0.1,6.1,0.1,6,0.1,6.1,0.1,5.9,0.1,5.8,0.1,5.9,0.1,5.8,0.1,6,0.1,6.1,0.1,6,0.1,6.6,0.1,6.7,0.1,6.5,0.1,7.3,0.1,7.3,0.1,7.3,0.1,7.4,0.1,7.3,0.1,7.4,0.1,6.6,0.1,6.5,0.1,6.7,0.1,5.4,0.1,5.2,0.1,5.6,0.1,3.7,0.1,3.6,0.1,3.9,0.1,2.7,0.1,2.5,0.1,2.9,0.1,1.9,0.1,1.6,0.1,2.2,0.1,2.1,0.1,1.4,0.1,2.7,0.1,12.4,0.1,12.9,0.1,12,0.1,4.1,0.1,4.2,0.1,3.9,0.1,9.9,0.1,10.3,0.1,9.6,0.1,38.1,0.1,39.1,0.1,37.2,0.1,80.4,0.1,79.6,0.1,81.2,0.1,77.7,0.1,76.9,0.1,78.6,0.1,22.4,0.1,20.7,0.1,24.1,0.1,19.6,0.1,17.9,0.1,21.3,0.1,15.8,0.1,14.3,0.1,17.3,0.1,6.7,0.1,5.4,0.1,7.9,0.1,39.7,0.1,38.3,0.1,41,0.1,96.7,0.1,,,,,61.5,0.1,,,,,25.6,0.1,,,,,35.9,0.1,,,,,0.1,,,,,,1.2,,,,,
2015,0400000US27,27,Minnesota,5489594,,2730030,3746,2759564,3746,6.4,0.1,6.6,0.1,6.1,0.1,6.5,0.1,6.7,0.2,6.3,0.2,6.6,0.1,6.7,0.1,6.5,0.2,6.5,0.1,6.7,0.1,6.3,0.1,6.6,0.1,6.7,0.1,6.5,0.1,6.6,0.1,6.7,0.1,6.4,0.1,7,0.1,7.1,0.1,6.9,0.1,6.3,0.1,6.6,0.1,6.1,0.1,6,0.1,6,0.1,6,0.1,6.4,0.1,6.5,0.1,6.3,0.1,7.2,0.1,7.2,0.1,7.2,0.1,7.1,0.1,7,0.1,7.2,0.1,6.2,0.1,6.3,0.1,6.1,0.1,4.8,0.1,4.7,0.1,4.9,0.1,3.4,0.1,3.3,0.1,3.6,0.1,2.5,0.1,2.2,0.1,2.8,0.1,1.9,0.1,1.6,0.1,2.1,0.1,2.1,0.1,1.5,0.1,2.7,0.1,13.1,0.1,13.4,0.1,12.7,0.1,3.9,0.1,4,0.1,3.8,0.1,9.2,0.1,9.4,0.1,9,0.1,39,0.1,39.8,0.1,38.3,0.1,79.2,0.1,78.5,0.1,79.9,0.1,76.6,0.1,75.9,0.1,77.4,0.1,20.8,0.1,19.5,0.1,22.2,0.1,18.3,0.1,16.9,0.1,19.6,0.1,14.7,0.1,13.2,0.1,16.1,0.1,6.4,0.1,5.3,0.1,7.6,0.1,37.9,0.1,36.9,0.2,39,0.2,98.9,0.3,,,,,61.4,0.1,,,,,23.7,0.1,,,,,37.7,0.1,,,,,0,,,,,,1.1,,,,,
2015,0400000US28,28,Mississippi,2992333,,1448495,4178,1543838,4178,6.3,0.1,6.5,0.2,6.1,0.2,7.2,0.2,7.9,0.3,6.5,0.3,6.7,0.2,6.7,0.3,6.7,0.3,7.4,0.2,7.8,0.3,7,0.3,7.2,0.2,7.4,0.3,6.9,0.3,6.4,0.1,6.7,0.2,6.1,0.2,6.1,0.1,6.1,0.3,6.1,0.2,6.4,0.2,6.5,0.3,6.3,0.2,6.5,0.2,6.4,0.3,6.6,0.3,6,0.1,5.9,0.2,6.1,0.2,6.6,0.1,6.6,0.2,6.5,0.1,6.8,0.2,6.8,0.2,6.8,0.2,5.8,0.2,5.6,0.2,6,0.2,5,0.1,4.9,0.2,5.2,0.2,3.7,0.1,3.5,0.2,4,0.2,2.6,0.1,2.4,0.1,2.8,0.2,1.7,0.1,1.4,0.1,2.1,0.1,1.6,0.1,1,0.1,2.2,0.1,13.9,0.1,14.6,0.2,13.2,0.1,4.1,0.1,4.4,0.2,3.9,0.2,10.4,0.2,10.8,0.2,10.1,0.2,39.9,0.2,40.9,0.3,39,0.2,78.4,0.1,77.4,0.2,79.3,0.2,75.7,0.1,74.5,0.2,76.8,0.2,20.6,0.2,18.7,0.2,22.3,0.2,18.1,0.2,16.3,0.2,19.8,0.2,14.7,0.1,13.1,0.1,16.3,0.1,6,0.1,4.8,0.1,7.1,0.1,37,0.2,35.6,0.2,38.5,0.3,93.8,0.5,,,,,64.1,0.2,,,,,24.2,0.1,,,,,39.9,0.1,,,,,0.1,,,,,,1.2,,,,,
2015,0400000US29,29,Missouri,6083672,,2983645,4339,3100027,4339,6.2,0.1,6.4,0.1,5.9,0.1,6.5,0.1,6.6,0.2,6.4,0.2,6.3,0.1,6.7,0.2,5.9,0.2,6.7,0.1,7.1,0.1,6.4,0.1,7,0.1,7.2,0.1,6.8,0.1,6.6,0.1,6.7,0.1,6.4,0.1,6.5,0.1,6.6,0.1,6.4,0.1,6.2,0.1,6.2,0.2,6.1,0.2,5.9,0.1,6,0.2,5.7,0.2,6.2,0.1,6.2,0.1,6.1,0.1,7.1,0.1,7.2,0.1,7.1,0.1,7,0.1,6.8,0.2,7.3,0.2,6.3,0.1,6.3,0.2,6.2,0.2,5.1,0.1,4.9,0.1,5.3,0.1,3.8,0.1,3.6,0.1,4,0.1,2.7,0.1,2.5,0.1,2.9,0.1,2,0.1,1.6,0.1,2.3,0.1,2,0.1,1.4,0.1,2.7,0.1,12.8,0.1,13.3,0.1,12.3,0.1,4,0.1,4.2,0.1,3.7,0.1,9.8,0.1,10.2,0.1,9.4,0.1,38.9,0.1,39.9,0.1,37.9,0.1,79.8,0.1,78.9,0.1,80.6,0.1,77.1,0.1,76.1,0.1,78.1,0.1,21.9,0.1,20.2,0.2,23.5,0.2,19.3,0.1,17.6,0.1,20.8,0.1,15.6,0.1,13.9,0.1,17.3,0.1,6.8,0.1,5.5,0.1,7.9,0.1,38.4,0.2,36.9,0.2,39.7,0.2,96.2,0.3,,,,,62.7,0.1,,,,,25.4,0.1,,,,,37.2,0.1,,,,,0.1,,,,,,1.3,,,,,
2015,0400000US30,30,Montana,1032949,,519026,2303,513923,2303,5.8,0.1,5.9,0.2,5.8,0.2,6.3,0.2,6.2,0.3,6.3,0.3,6.1,0.3,6.3,0.3,6,0.4,6.5,0.2,7,0.3,6,0.3,6.9,0.2,7.2,0.3,6.6,0.3,6.1,0.1,6.1,0.2,6.1,0.2,6.4,0.1,6.6,0.2,6.2,0.2,6.1,0.3,6,0.5,6.2,0.4,5.4,0.3,5.7,0.4,5.1,0.4,5.7,0.1,5.8,0.2,5.5,0.2,6.8,0.1,6.7,0.1,6.9,0.1,7.2,0.3,6.9,0.4,7.5,0.4,7.4,0.3,7.3,0.4,7.6,0.4,6,0.2,6.3,0.3,5.7,0.3,4.2,0.2,3.9,0.3,4.6,0.3,2.9,0.2,2.8,0.2,3,0.3,2.2,0.2,1.9,0.2,2.4,0.3,2,0.2,1.5,0.2,2.6,0.3,12.4,0.2,12.5,0.2,12.3,0.3,3.7,0.1,3.9,0.2,3.4,0.2,9.7,0.2,10.3,0.2,9.1,0.2,37.3,0.2,38.5,0.3,36.1,0.3,80.3,0.2,80.2,0.3,80.5,0.3,78.1,0.1,77.8,0.3,78.4,0.3,24.8,0.3,23.7,0.4,25.8,0.4,21.7,0.2,20.7,0.4,22.7,0.3,17.3,0.1,16.4,0.1,18.2,0.2,7.1,0.1,6.3,0.1,8,0.1,39.9,0.4,38.9,0.4,40.9,0.7,101,0.9,,,,,64.5,0.4,,,,,28.5,0.2,,,,,36,0.3,,,,,0.1,,,,,,1.8,,,,,
2015,0400000US31,31,Nebraska,1896190,,942589,2373,953601,2373,6.9,0.1,7,0.1,6.8,0.1,7,0.2,7,0.3,6.9,0.3,6.9,0.2,7.3,0.3,6.6,0.3,6.9,0.2,7,0.2,6.7,0.2,7.3,0.1,7.6,0.2,7.1,0.2,6.3,0.1,6.6,0.1,6.1,0.1,7,0.1,7.1,0.1,6.9,0.2,6.5,0.2,6.6,0.3,6.5,0.2,5.7,0.2,6,0.3,5.4,0.3,5.7,0.1,5.6,0.1,5.7,0.1,6.5,0.1,6.6,0.1,6.5,0.1,6.7,0.2,6.5,0.2,6.8,0.2,5.9,0.1,5.9,0.2,5.8,0.2,4.6,0.2,4.4,0.2,4.7,0.2,3.5,0.2,3.3,0.2,3.7,0.2,2.5,0.1,2.2,0.1,2.8,0.2,1.9,0.1,1.6,0.1,2.2,0.2,2.3,0.1,1.6,0.1,2.9,0.2,13.9,0.1,14.3,0.1,13.5,0.1,4,0.1,4.2,0.1,3.9,0.1,10.2,0.1,10.5,0.2,9.9,0.2,39.8,0.1,40.9,0.2,38.6,0.2,77.9,0.1,77.2,0.2,78.5,0.2,75.2,0.1,74.5,0.2,75.9,0.2,20.6,0.1,19,0.2,22.1,0.2,18.1,0.1,16.5,0.2,19.7,0.2,14.7,0.1,13.1,0.1,16.3,0.1,6.6,0.1,5.4,0.1,7.9,0.1,36.1,0.2,35.2,0.1,37.1,0.3,98.8,0.5,,,,,65.3,0.3,,,,,24.3,0.2,,,,,41,0.2,,,,,0.1,,,,,,1.7,,,,,
2015,0400000US32,32,Nevada,2890845,,1447456,1981,1443389,1981,6.1,0.1,6.3,0.1,5.9,0.1,6.6,0.2,6.9,0.3,6.3,0.2,6.6,0.2,6.4,0.3,6.7,0.2,6.1,0.1,6.3,0.1,5.9,0.1,6.5,0.1,6.6,0.1,6.5,0.1,7.3,0.1,7.4,0.1,7.1,0.1,7,0.1,7,0.1,6.9,0.1,6.7,0.2,6.9,0.3,6.5,0.3,6.7,0.2,6.7,0.3,6.8,0.3,6.8,0.1,6.9,0.1,6.6,0.1,6.8,0.1,6.8,0.1,6.7,0.1,6.3,0.2,6.3,0.3,6.3,0.3,6,0.2,5.7,0.3,6.3,0.3,5.3,0.1,5.1,0.2,5.4,0.2,3.9,0.1,3.8,0.2,4,0.2,2.6,0.1,2.5,0.1,2.7,0.2,1.6,0.1,1.5,0.1,1.7,0.1,1.3,0.1,1,0.1,1.6,0.2,13.2,0.1,13.3,0.1,13.1,0.1,3.8,0.1,3.9,0.1,3.8,0.1,8.8,0.1,9,0.1,8.6,0.1,40.3,0.1,40.8,0.1,39.7,0.1,79.3,0.1,79.1,0.2,79.5,0.2,76.9,0.1,76.5,0.1,77.2,0.1,20.6,0.2,19.5,0.2,21.7,0.3,18.2,0.2,17.2,0.2,19.1,0.2,14.6,0.1,13.8,0.1,15.4,0.1,5.5,0.1,4.9,0.1,6,0.1,37.8,0.2,37.2,0.2,38.5,0.3,100.3,0.3,,,,,60.6,0.1,,,,,23.4,0.1,,,,,37.1,0.1,,,,,0.1,,,,,,1.5,,,,,
2015,0400000US33,33,New Hampshire,1330608,,657716,1634,672892,1634,4.8,0.1,5.1,0.1,4.5,0.1,5.2,0.2,5.4,0.3,5.1,0.3,6,0.2,6.2,0.3,5.8,0.3,6.9,0.2,7,0.2,6.8,0.3,6.7,0.1,7,0.2,6.4,0.2,5.9,0.1,6.1,0.2,5.7,0.1,5.8,0.1,6,0.2,5.6,0.1,5.4,0.3,5.5,0.4,5.3,0.3,6.3,0.2,6.3,0.4,6.4,0.3,7.2,0.1,7.1,0.1,7.2,0.1,8.3,0.1,8.3,0.1,8.3,0.1,8.3,0.2,8.3,0.3,8.3,0.4,6.9,0.3,6.8,0.3,7,0.4,5.7,0.2,5.6,0.3,5.9,0.3,4,0.2,3.9,0.3,4.1,0.3,2.8,0.2,2.5,0.2,3.1,0.3,1.8,0.1,1.5,0.2,2,0.2,2.1,0.2,1.5,0.2,2.7,0.3,11.2,0.1,11.5,0.1,11,0.1,3.8,0.1,3.9,0.1,3.7,0.1,9.8,0.1,10.1,0.2,9.5,0.2,37,0.2,37.9,0.2,36.1,0.2,82.8,0.1,82.1,0.2,83.5,0.2,80.2,0.1,79.5,0.2,80.9,0.2,23.3,0.3,21.9,0.3,24.6,0.4,20.4,0.3,19.1,0.3,21.6,0.3,16.4,0.1,15.1,0.1,17.7,0.1,6.7,0.1,5.6,0.1,7.8,0.1,42.8,0.2,41.6,0.4,43.9,0.2,97.7,0.5,,,,,56.7,0.2,,,,,25.7,0.1,,,,,31,0.2,,,,,0.1,,,,,,1.5,,,,,
2015,0400000US34,34,New Jersey,8958013,,4374892,2401,4583121,2401,5.9,0.1,6.2,0.1,5.6,0.1,6.1,0.1,6.4,0.2,5.9,0.1,6.3,0.1,6.6,0.2,6.1,0.1,6.4,0.1,6.8,0.1,6.1,0.1,6.4,0.1,6.7,0.1,6,0.1,6.4,0.1,6.7,0.1,6.1,0.1,6.5,0.1,6.7,0.1,6.3,0.1,6.4,0.1,6.5,0.2,6.4,0.1,6.6,0.1,6.7,0.1,6.5,0.1,7.2,0.1,7.1,0.1,7.2,0.1,7.6,0.1,7.6,0.1,7.6,0.1,7.2,0.1,7.2,0.1,7.2,0.1,5.9,0.1,5.7,0.1,6.1,0.1,4.9,0.1,4.6,0.1,5.2,0.1,3.5,0.1,3.3,0.1,3.7,0.1,2.4,0.1,2.2,0.1,2.7,0.1,1.9,0.1,1.5,0.1,2.3,0.1,2.2,0.1,1.5,0.1,2.9,0.1,12.4,0.1,13,0.1,11.9,0.1,4,0.1,4.2,0.1,3.7,0.1,8.8,0.1,9.3,0.1,8.4,0.1,38.7,0.1,40,0.1,37.5,0.1,80.3,0.1,79.4,0.1,81.2,0.1,77.7,0.1,76.6,0.1,78.7,0.1,20.9,0.1,18.8,0.1,22.9,0.1,18.4,0.1,16.4,0.1,20.3,0.1,15,0.1,13.1,0.1,16.8,0.1,6.6,0.1,5.2,0.1,7.9,0.1,39.6,0.2,38,0.2,41.1,0.2,95.5,0.1,,,,,59.5,0.1,,,,,23.9,0.1,,,,,35.6,0.1,,,,,0.1,,,,,,2.4,,,,,
2015,0400000US35,35,New Mexico,2085109,,1035143,3070,1049966,3070,6.4,0.1,6.7,0.2,6.1,0.2,6.8,0.2,7,0.3,6.6,0.3,6.7,0.2,6.9,0.3,6.5,0.3,6.8,0.2,6.9,0.3,6.6,0.2,7.2,0.2,7.5,0.2,7,0.2,6.6,0.1,7,0.2,6.1,0.2,6.5,0.1,6.7,0.2,6.3,0.2,6,0.2,6.4,0.3,5.5,0.3,5.8,0.2,5.7,0.3,6,0.3,5.7,0.1,5.7,0.2,5.7,0.1,6.7,0.1,6.5,0.1,6.8,0.1,6.8,0.3,6.7,0.3,7,0.3,6.2,0.2,5.9,0.3,6.5,0.3,5.4,0.2,5,0.3,5.8,0.3,4,0.2,3.9,0.3,4.1,0.2,2.7,0.1,2.5,0.2,2.9,0.2,1.9,0.1,1.6,0.1,2.1,0.2,1.9,0.1,1.4,0.2,2.3,0.2,13.5,0.1,13.9,0.2,13.1,0.2,4,0.1,4.1,0.1,3.9,0.2,10,0.1,10.3,0.2,9.7,0.2,38.9,0.2,40.2,0.3,37.5,0.2,78.8,0.2,78.2,0.3,79.3,0.3,76,0.1,75.3,0.3,76.8,0.2,22,0.3,20.4,0.3,23.7,0.3,19.5,0.2,17.9,0.3,21.1,0.3,15.9,0.1,14.5,0.1,17.2,0.1,6.4,0.1,5.6,0.1,7.3,0.1,37.4,0.2,35.9,0.2,39.2,0.4,98.6,0.6,,,,,66.1,0.3,,,,,26.3,0.2,,,,,39.8,0.3,,,,,0.1,,,,,,2.1,,,,,
2015,0400000US36,36,New York,19795791,,9616592,4379,10179199,4379,6,0.1,6.3,0.1,5.7,0.1,5.7,0.1,6.1,0.1,5.4,0.1,5.9,0.1,6.2,0.1,5.6,0.1,6.3,0.1,6.7,0.1,6,0.1,7.1,0.1,7.4,0.1,6.9,0.1,7.5,0.1,7.8,0.1,7.3,0.1,7,0.1,7.1,0.1,6.8,0.1,6.4,0.1,6.4,0.1,6.3,0.1,6.3,0.1,6.3,0.1,6.2,0.1,6.8,0.1,6.8,0.1,6.7,0.1,7.2,0.1,7.2,0.1,7.2,0.1,6.8,0.1,6.8,0.1,6.9,0.1,6,0.1,5.9,0.1,6.1,0.1,4.9,0.1,4.7,0.1,5.2,0.1,3.5,0.1,3.2,0.1,3.7,0.1,2.6,0.1,2.3,0.1,2.8,0.1,1.8,0.1,1.5,0.1,2.1,0.1,2.2,0.1,1.4,0.1,2.9,0.1,11.6,0.1,12.2,0.1,11,0.1,3.7,0.1,3.9,0.1,3.5,0.1,9.8,0.1,10.1,0.1,9.5,0.1,40.6,0.1,41.7,0.1,39.7,0.1,81.2,0.1,80.1,0.1,82.1,0.1,78.7,0.1,77.5,0.1,79.8,0.1,21,0.1,19,0.1,22.9,0.1,18.4,0.1,16.5,0.1,20.2,0.1,15,0.1,13.1,0.1,16.7,0.1,6.6,0.1,5.3,0.1,7.8,0.1,38.3,0.2,36.8,0.2,39.8,0.2,94.5,0.1,,,,,56.9,0.1,,,,,23.5,0.1,,,,,33.4,0.1,,,,,0,,,,,,2,,,,,
2015,0400000US37,37,North Carolina,10042802,,4896006,6889,5146796,6889,6,0.1,6.3,0.1,5.7,0.1,6.4,0.1,6.6,0.2,6.2,0.2,6.5,0.1,6.9,0.2,6.1,0.2,6.8,0.1,7.1,0.1,6.4,0.1,7,0.1,7.7,0.1,6.4,0.1,6.6,0.1,6.7,0.1,6.6,0.1,6.3,0.1,6.3,0.1,6.3,0.1,6.3,0.1,6.4,0.2,6.3,0.2,6.7,0.1,6.7,0.1,6.7,0.1,6.7,0.1,6.7,0.1,6.6,0.1,6.9,0.1,6.9,0.1,7,0.1,6.7,0.1,6.5,0.1,6.8,0.1,6,0.1,5.7,0.1,6.2,0.1,5.3,0.1,5.1,0.1,5.5,0.1,3.7,0.1,3.4,0.1,4,0.1,2.6,0.1,2.3,0.1,2.9,0.1,1.8,0.1,1.5,0.1,2.1,0.1,1.7,0.1,1.1,0.1,2.2,0.1,12.9,0.1,13.6,0.1,12.3,0.1,3.9,0.1,4.1,0.1,3.7,0.1,9.9,0.1,10.7,0.1,9.1,0.1,39.8,0.1,40.8,0.1,38.8,0.1,79.8,0.1,78.7,0.1,80.8,0.1,77.2,0.1,76.1,0.1,78.3,0.1,21.1,0.1,19.2,0.1,22.9,0.1,18.6,0.1,16.7,0.1,20.3,0.1,15.1,0.1,13.5,0.1,16.6,0.1,6.1,0.1,4.9,0.1,7.1,0.1,38.4,0.1,36.8,0.2,40,0.2,95.1,0.3,,,,,61,0.1,,,,,24.3,0.1,,,,,36.7,0.1,,,,,0.1,,,,,,1.3,,,,,
2015,0400000US38,38,North Dakota,756928,,388152,2318,368776,2319,6.9,0.2,6.6,0.2,7.2,0.3,6.6,0.3,6.6,0.5,6.5,0.4,5.7,0.3,5.6,0.4,5.8,0.4,6.6,0.3,6.8,0.4,6.3,0.4,9.2,0.3,9.5,0.4,8.9,0.4,7.9,0.2,8.7,0.4,7,0.3,7.2,0.2,7.6,0.3,6.7,0.3,5.9,0.3,6.2,0.5,5.6,0.4,5.6,0.3,5.9,0.5,5.2,0.4,5.2,0.1,5.3,0.2,5.1,0.2,6.5,0.2,6.4,0.2,6.6,0.2,6.6,0.3,6.4,0.4,6.8,0.4,6,0.3,6.1,0.4,6,0.4,4.2,0.2,4.4,0.3,4,0.3,3.2,0.2,2.8,0.2,3.7,0.3,2.2,0.2,2.1,0.2,2.4,0.2,2,0.2,1.6,0.2,2.4,0.3,2.5,0.2,1.5,0.2,3.5,0.3,12.3,0.2,12.2,0.3,12.4,0.3,3.4,0.1,3.6,0.3,3.3,0.2,12.4,0.3,12.7,0.3,12,0.4,42.3,0.3,44.6,0.5,39.9,0.4,79.7,0.2,80,0.4,79.4,0.4,77.4,0.2,77.6,0.4,77.2,0.4,20.2,0.3,18.5,0.4,22.1,0.5,17.7,0.3,15.9,0.3,19.7,0.5,14.2,0.1,12.4,0.1,16,0.2,6.7,0.1,5.2,0.1,8.3,0.1,34.9,0.3,34,0.3,36.3,0.5,105.3,1.3,,,,,58.3,0.5,,,,,22.4,0.2,,,,,35.8,0.4,,,,,0,,,,,,1.7,,,,,
2015,0400000US39,39,Ohio,11613423,,5683951,3926,5929472,3926,5.9,0.1,6.2,0.1,5.7,0.1,6.2,0.1,6.5,0.1,5.9,0.1,6.5,0.1,6.7,0.1,6.2,0.1,6.7,0.1,7,0.1,6.4,0.1,6.7,0.1,6.9,0.1,6.5,0.1,6.6,0.1,6.8,0.1,6.4,0.1,6.2,0.1,6.3,0.1,6.1,0.1,6,0.1,6.1,0.1,5.8,0.1,6.1,0.1,6.1,0.1,6.1,0.1,6.4,0.1,6.5,0.1,6.4,0.1,7.1,0.1,7.2,0.1,7.1,0.1,7.2,0.1,7.1,0.1,7.3,0.1,6.5,0.1,6.5,0.1,6.6,0.1,5.4,0.1,5.2,0.1,5.5,0.1,3.6,0.1,3.4,0.1,3.9,0.1,2.7,0.1,2.3,0.1,3,0.1,2,0.1,1.7,0.1,2.3,0.1,2.2,0.1,1.5,0.1,2.9,0.1,12.7,0.1,13.3,0.1,12.1,0.1,4,0.1,4.2,0.1,3.8,0.1,9.4,0.1,9.7,0.1,9,0.1,38.3,0.1,39.2,0.1,37.3,0.1,80,0.1,79.1,0.1,80.9,0.1,77.4,0.1,76.3,0.1,78.3,0.1,22.4,0.1,20.5,0.1,24.1,0.1,19.7,0.1,17.8,0.1,21.4,0.1,15.8,0.1,14.1,0.1,17.5,0.1,6.8,0.1,5.5,0.1,8.1,0.1,39.3,0.1,37.8,0.2,40.8,0.2,95.9,0.1,,,,,62.6,0.1,,,,,25.7,0.1,,,,,36.8,0.1,,,,,0,,,,,,1.3,,,,,
2015,0400000US40,40,Oklahoma,3911338,,1939555,2785,1971783,2785,6.7,0.1,7,0.1,6.4,0.1,6.9,0.1,7.3,0.2,6.6,0.2,6.9,0.1,7,0.2,6.7,0.2,6.9,0.1,7.2,0.1,6.6,0.1,7.2,0.1,7.5,0.1,6.9,0.1,6.9,0.1,7,0.1,6.7,0.1,6.9,0.1,7,0.1,6.7,0.1,6.1,0.2,6.3,0.2,5.9,0.2,6.2,0.2,6.1,0.2,6.2,0.2,5.8,0.1,5.8,0.1,5.8,0.1,6.5,0.1,6.5,0.1,6.5,0.1,6.5,0.1,6.4,0.1,6.6,0.2,5.9,0.1,5.7,0.1,6.1,0.2,4.9,0.1,4.6,0.1,5.2,0.1,3.6,0.1,3.4,0.1,3.9,0.1,2.7,0.1,2.3,0.1,3,0.1,1.8,0.1,1.5,0.1,2.1,0.1,1.7,0.1,1.3,0.1,2.1,0.1,13.8,0.1,14.3,0.1,13.3,0.1,4,0.1,4.2,0.1,3.9,0.1,10,0.1,10.5,0.1,9.6,0.1,40,0.1,41.1,0.1,39,0.1,78.1,0.1,77.2,0.1,78.9,0.1,75.4,0.1,74.5,0.1,76.3,0.1,20.7,0.1,18.9,0.1,22.4,0.2,18.1,0.1,16.5,0.2,19.8,0.2,14.7,0.1,13.2,0.1,16.2,0.1,6.2,0.1,5.1,0.1,7.2,0.1,36.3,0.1,35,0.1,37.8,0.2,98.4,0.3,,,,,64.7,0.2,,,,,24.3,0.1,,,,,40.5,0.1,,,,,0.1,,,,,,1.4,,,,,
2015,0400000US41,41,Oregon,4028977,,1992162,3716,2036815,3716,5.7,0.1,5.9,0.1,5.5,0.1,6.1,0.2,6.1,0.2,6.1,0.2,5.9,0.2,6.2,0.3,5.6,0.2,6.2,0.1,6.4,0.2,5.9,0.1,6.6,0.1,6.7,0.1,6.4,0.1,6.8,0.1,7,0.1,6.6,0.1,6.9,0.1,7,0.1,6.9,0.1,7.1,0.2,7.3,0.3,6.8,0.2,6,0.2,6.1,0.2,6,0.2,6.3,0.1,6.4,0.1,6.2,0.1,6.5,0.1,6.5,0.1,6.5,0.1,6.6,0.1,6.4,0.2,6.7,0.2,7,0.2,6.8,0.2,7.1,0.2,5.9,0.1,5.7,0.2,6.1,0.2,3.9,0.1,3.8,0.2,4,0.1,2.7,0.1,2.5,0.1,2.9,0.1,1.8,0.1,1.6,0.1,2,0.1,2,0.1,1.4,0.1,2.6,0.2,12,0.1,12.3,0.1,11.7,0.1,3.7,0.1,3.9,0.1,3.5,0.1,9,0.1,9.2,0.1,8.8,0.1,39.5,0.1,40.5,0.2,38.6,0.2,81.1,0.1,80.6,0.1,81.7,0.1,78.6,0.1,77.9,0.1,79.3,0.1,23.4,0.2,21.9,0.2,24.7,0.2,20.5,0.1,19.1,0.2,21.8,0.2,16.4,0.1,15.1,0.1,17.6,0.1,6.5,0.1,5.6,0.1,7.5,0.1,39.1,0.2,38.1,0.2,40.2,0.2,97.8,0.4,,,,,60.6,0.1,,,,,26.3,0.1,,,,,34.3,0.1,,,,,0.1,,,,,,1.6,,,,,
2015,0400000US42,42,Pennsylvania,12802503,,6262246,3925,6540257,3925,5.6,0.1,5.9,0.1,5.3,0.1,5.9,0.1,6.1,0.1,5.6,0.1,5.8,0.1,6.1,0.1,5.6,0.1,6.6,0.1,6.9,0.1,6.3,0.1,6.6,0.1,7,0.1,6.3,0.1,6.7,0.1,6.9,0.1,6.5,0.1,6.2,0.1,6.4,0.1,6,0.1,5.8,0.1,5.9,0.1,5.6,0.1,5.9,0.1,6,0.1,5.9,0.1,6.6,0.1,6.7,0.1,6.5,0.1,7.3,0.1,7.3,0.1,7.3,0.1,7.4,0.1,7.4,0.1,7.4,0.1,6.6,0.1,6.5,0.1,6.7,0.1,5.4,0.1,5.3,0.1,5.6,0.1,3.9,0.1,3.6,0.1,4.2,0.1,2.9,0.1,2.6,0.1,3.2,0.1,2.2,0.1,1.8,0.1,2.6,0.1,2.5,0.1,1.7,0.1,3.3,0.1,11.7,0.1,12.2,0.1,11.2,0.1,3.7,0.1,3.9,0.1,3.6,0.1,9.5,0.1,9.9,0.1,9.1,0.1,37.8,0.1,39,0.1,36.7,0.1,81.5,0.1,80.6,0.1,82.3,0.1,79,0.1,78,0.1,79.9,0.1,23.6,0.1,21.6,0.1,25.6,0.1,20.8,0.1,18.7,0.1,22.8,0.1,17,0.1,15,0.1,18.9,0.1,7.7,0.1,6.1,0.1,9.1,0.1,40.7,0.1,39,0.2,42.3,0.2,95.7,0.1,,,,,61.5,0.1,,,,,27.5,0.1,,,,,34,0.1,,,,,0,,,,,,1.2,,,,,
2015,0400000US44,44,Rhode Island,1056298,,511773,1621,544525,1621,5.1,0.1,5.5,0.1,4.8,0.1,5.8,0.3,5.9,0.4,5.7,0.4,5.5,0.3,6,0.4,5,0.4,7,0.1,7.2,0.2,6.8,0.2,7.5,0.2,7.6,0.2,7.3,0.2,7.1,0.1,7.4,0.1,6.9,0.2,6.4,0.1,6.6,0.2,6.2,0.1,5.9,0.3,5.9,0.5,5.9,0.4,5.8,0.3,6.1,0.5,5.6,0.4,6.7,0.1,6.7,0.1,6.7,0.1,7.4,0.1,7.4,0.1,7.5,0.1,7.5,0.3,7.7,0.4,7.3,0.4,6.1,0.3,5.8,0.4,6.5,0.4,5.2,0.2,5.1,0.3,5.3,0.3,3.8,0.2,3.5,0.3,4,0.3,2.5,0.2,2.3,0.2,2.7,0.3,2,0.2,1.8,0.2,2.3,0.3,2.6,0.2,1.5,0.2,3.7,0.3,11.3,0.1,11.9,0.2,10.7,0.2,3.6,0.1,3.8,0.2,3.5,0.1,10.8,0.1,11.1,0.1,10.6,0.2,39.7,0.1,40.8,0.2,38.7,0.2,82.4,0.2,81.5,0.2,83.2,0.3,79.9,0.1,78.8,0.2,81,0.2,22.3,0.3,20,0.4,24.4,0.4,19.6,0.3,17.6,0.4,21.4,0.3,16.1,0.1,14.2,0.1,17.9,0.2,7.2,0.1,5.6,0.1,8.6,0.1,39.7,0.3,38.4,0.4,41.2,0.4,94,0.6,,,,,56.7,0.3,,,,,25.3,0.2,,,,,31.4,0.1,,,,,0,,,,,,1.9,,,,,
2015,0400000US45,45,South Carolina,4896146,,2385096,4581,2511050,4581,5.9,0.1,6.2,0.1,5.6,0.1,6.3,0.1,6.5,0.2,6.2,0.2,6.2,0.1,6.6,0.2,5.8,0.2,6.7,0.1,7.3,0.2,6.2,0.1,7.1,0.1,7.4,0.2,6.7,0.1,6.7,0.1,6.9,0.1,6.5,0.1,6.2,0.1,6.4,0.2,6.1,0.1,6,0.2,5.9,0.2,6,0.2,6.3,0.2,6.3,0.2,6.3,0.2,6.4,0.1,6.4,0.1,6.4,0.1,6.9,0.1,6.9,0.1,7,0.1,6.8,0.1,6.4,0.2,7.1,0.2,6.4,0.1,6.1,0.2,6.6,0.2,5.9,0.1,5.6,0.1,6.2,0.1,4.1,0.1,4,0.1,4.2,0.2,2.7,0.1,2.5,0.1,2.9,0.1,1.8,0.1,1.4,0.1,2.1,0.1,1.7,0.1,1.2,0.1,2.2,0.1,12.5,0.1,13.1,0.1,12,0.1,3.8,0.1,4.2,0.1,3.5,0.1,9.9,0.1,10.5,0.1,9.4,0.1,38.9,0.1,40.2,0.2,37.8,0.1,80.3,0.1,79.3,0.2,81.3,0.1,77.8,0.1,76.5,0.1,79,0.1,22.6,0.1,20.9,0.2,24.1,0.2,20,0.1,18.4,0.2,21.4,0.2,16.2,0.1,14.8,0.1,17.6,0.1,6.2,0.1,5.2,0.1,7.1,0.1,39,0.2,37.2,0.3,40.8,0.2,95,0.4,,,,,62.5,0.1,,,,,26.4,0.1,,,,,36.2,0.1,,,,,0.1,,,,,,1.5,,,,,
2015,0400000US46,46,South Dakota,858469,,431540,2030,426929,2030,6.9,0.2,7,0.3,6.8,0.2,7,0.3,7.4,0.4,6.6,0.4,6.5,0.3,6.4,0.4,6.6,0.4,7,0.3,7.4,0.4,6.6,0.3,6.9,0.3,7.1,0.4,6.8,0.4,6.5,0.2,6.6,0.3,6.3,0.3,6.6,0.2,6.7,0.2,6.5,0.3,6,0.3,6.1,0.4,5.8,0.4,5.5,0.3,5.7,0.4,5.2,0.4,5.5,0.1,5.5,0.1,5.6,0.2,6.7,0.1,6.8,0.2,6.6,0.2,7,0.3,7,0.4,7,0.4,6.2,0.3,6.1,0.3,6.4,0.4,4.9,0.2,5.3,0.3,4.6,0.3,3.6,0.2,3.2,0.3,3.9,0.3,2.6,0.2,2.3,0.2,2.9,0.3,2.2,0.2,1.7,0.2,2.6,0.3,2.4,0.2,1.8,0.2,3.1,0.4,13.5,0.2,13.9,0.3,13.2,0.3,4,0.2,4.2,0.3,3.7,0.2,10,0.2,10.3,0.3,9.7,0.3,38.4,0.3,39.6,0.4,37.3,0.4,78.2,0.2,77.6,0.4,78.8,0.4,75.6,0.1,74.9,0.3,76.3,0.3,21.9,0.3,20.3,0.4,23.5,0.5,19.3,0.3,17.8,0.3,20.8,0.5,15.7,0.2,14.2,0.2,17.2,0.3,7.2,0.1,5.8,0.1,8.6,0.2,36.9,0.3,36,0.3,38.2,0.7,101.1,1,,,,,66.9,0.5,,,,,26.2,0.3,,,,,40.8,0.3,,,,,0.1,,,,,,1.3,,,,,
2015,0400000US47,47,Tennessee,6600299,,3214689,5166,3385610,5166,6,0.1,6.3,0.1,5.8,0.1,6.3,0.1,6.6,0.2,6,0.2,6.4,0.1,6.7,0.2,6.2,0.2,6.5,0.1,6.9,0.1,6.3,0.1,6.9,0.1,7.2,0.1,6.7,0.1,6.7,0.1,6.7,0.1,6.6,0.1,6.5,0.1,6.5,0.1,6.4,0.1,6.2,0.1,6.2,0.2,6.2,0.2,6.5,0.1,6.7,0.2,6.3,0.2,6.6,0.1,6.6,0.1,6.5,0.1,7,0.1,6.9,0.1,7,0.1,7,0.1,6.8,0.2,7.1,0.2,6,0.1,5.9,0.2,6.1,0.2,5.4,0.1,5.3,0.1,5.6,0.1,3.8,0.1,3.6,0.1,3.9,0.1,2.6,0.1,2.4,0.1,2.8,0.1,1.8,0.1,1.5,0.1,2.1,0.1,1.7,0.1,1.1,0.1,2.3,0.1,12.7,0.1,13.3,0.1,12.2,0.1,3.9,0.1,4.1,0.1,3.7,0.1,9.6,0.1,10,0.1,9.2,0.1,39.3,0.1,40.2,0.1,38.5,0.1,80,0.1,79.1,0.1,80.8,0.1,77.4,0.1,76.4,0.1,78.3,0.1,21.4,0.1,19.8,0.2,22.9,0.2,18.9,0.1,17.3,0.1,20.3,0.2,15.4,0.1,13.9,0.1,16.8,0.1,6.2,0.1,5.1,0.1,7.3,0.1,38.7,0.1,37.4,0.2,39.9,0.2,95,0.3,,,,,61.3,0.1,,,,,24.8,0.1,,,,,36.5,0.1,,,,,0.1,,,,,,1.6,,,,,
2015,0400000US48,48,Texas,27469114,,13625413,9367,13843701,9367,7.2,0.1,7.3,0.1,7,0.1,7.5,0.1,7.7,0.1,7.2,0.1,7.3,0.1,7.5,0.1,7.1,0.1,7.2,0.1,7.4,0.1,6.9,0.1,7.3,0.1,7.6,0.1,7,0.1,7.3,0.1,7.5,0.1,7.1,0.1,7.2,0.1,7.3,0.1,7.1,0.1,6.8,0.1,6.9,0.1,6.8,0.1,6.7,0.1,6.8,0.1,6.7,0.1,6.3,0.1,6.3,0.1,6.3,0.1,6.4,0.1,6.4,0.1,6.4,0.1,5.9,0.1,5.9,0.1,6,0.1,5.2,0.1,5,0.1,5.4,0.1,4.1,0.1,3.9,0.1,4.3,0.1,2.9,0.1,2.7,0.1,3.1,0.1,2,0.1,1.8,0.1,2.2,0.1,1.4,0.1,1.2,0.1,1.6,0.1,1.3,0.1,0.9,0.1,1.7,0.1,14.8,0.1,15.2,0.1,14.4,0.1,4.3,0.1,4.5,0.1,4.2,0.1,10.1,0.1,10.5,0.1,9.8,0.1,42.5,0.1,43.4,0.1,41.6,0.1,76.6,0.1,76,0.1,77.2,0.1,73.8,0.1,73,0.1,74.5,0.1,16.9,0.1,15.5,0.1,18.3,0.1,14.7,0.1,13.3,0.1,16,0.1,11.7,0.1,10.5,0.1,13,0.1,4.7,0.1,3.9,0.1,5.5,0.1,34.4,0.1,33.4,0.2,35.4,0.1,98.4,0.1,,,,,61.2,0.1,,,,,18.9,0.1,,,,,42.3,0.1,,,,,0,,,,,,1.3,,,,,
2015,0400000US49,49,Utah,2995919,,1506383,2521,1489536,2521,8.3,0.1,8.5,0.1,8.2,0.1,8.7,0.2,8.9,0.2,8.5,0.3,8.6,0.2,8.8,0.2,8.3,0.3,7.9,0.1,7.9,0.2,7.8,0.1,8.4,0.1,8.5,0.1,8.2,0.1,7.2,0.1,7.2,0.1,7.2,0.1,7.5,0.1,7.6,0.1,7.4,0.1,7.4,0.2,7.5,0.2,7.3,0.2,6.1,0.2,6.1,0.2,6,0.2,5.2,0.1,5.3,0.1,5.1,0.1,5.1,0.1,5,0.1,5.1,0.1,4.8,0.1,4.6,0.2,5.1,0.2,4.6,0.1,4.6,0.2,4.7,0.2,3.5,0.1,3.4,0.1,3.7,0.1,2.5,0.1,2.4,0.1,2.6,0.1,1.8,0.1,1.6,0.1,1.9,0.1,1.3,0.1,1.2,0.1,1.5,0.1,1.1,0.1,0.9,0.1,1.4,0.1,17.3,0.1,17.7,0.1,16.8,0.1,4.8,0.1,4.9,0.1,4.7,0.1,11.4,0.1,11.5,0.1,11.3,0.1,44.4,0.1,44.9,0.2,43.9,0.1,72.8,0.1,72.2,0.2,73.3,0.2,69.5,0.1,68.9,0.1,70.2,0.1,14.9,0.1,14.1,0.2,15.8,0.2,12.9,0.1,12.1,0.2,13.8,0.2,10.3,0.1,9.5,0.1,11.1,0.1,4.2,0.1,3.7,0.1,4.8,0.1,30.6,0.1,30.1,0.1,31.1,0.2,101.1,0.3,,,,,68.7,0.2,,,,,17.3,0.1,,,,,51.4,0.1,,,,,0.1,,,,,,2.1,,,,,
2015,0400000US50,50,Vermont,626042,,308552,1074,317490,1074,4.8,0.1,5,0.1,4.7,0.2,5.1,0.3,5.3,0.4,5,0.4,5.5,0.3,6,0.4,5.1,0.4,7.1,0.2,7.5,0.3,6.7,0.2,7.4,0.2,7.5,0.3,7.2,0.2,5.5,0.1,5.7,0.2,5.3,0.2,5.8,0.1,5.8,0.2,5.7,0.2,5.9,0.3,5.6,0.4,6.1,0.4,5.3,0.3,5.5,0.4,5,0.4,6.7,0.1,6.7,0.2,6.7,0.2,7.8,0.1,7.6,0.1,8,0.2,7.9,0.4,7.9,0.5,7.9,0.5,7.7,0.4,7.6,0.5,7.8,0.5,6.3,0.2,6.3,0.3,6.3,0.3,4,0.2,3.9,0.3,4.1,0.3,2.7,0.2,2.4,0.3,3,0.3,2.2,0.2,2.1,0.3,2.4,0.3,2.3,0.2,1.6,0.2,3,0.3,10.7,0.1,11.3,0.2,10.1,0.2,3.7,0.1,3.8,0.1,3.7,0.2,10.7,0.1,11.3,0.2,10.2,0.2,36.9,0.2,37.8,0.3,36.1,0.3,83.3,0.2,82.3,0.3,84.3,0.2,80.8,0.1,80,0.3,81.6,0.3,25.3,0.4,23.9,0.6,26.6,0.5,21.9,0.3,20.6,0.4,23.1,0.4,17.6,0.1,16.3,0.2,18.8,0.2,7.2,0.1,6,0.1,8.4,0.1,43.1,0.3,41.4,0.5,44.4,0.3,97.2,0.7,,,,,58.2,0.4,,,,,27.8,0.2,,,,,30.4,0.3,,,,,0.1,,,,,,1.3,,,,,
2015,0400000US51,51,Virginia,8382993,,4126326,5923,4256667,5923,6.1,0.1,6.4,0.1,5.8,0.1,6.3,0.1,6.4,0.2,6.2,0.1,6.2,0.1,6.5,0.2,5.9,0.1,6.6,0.1,6.9,0.1,6.3,0.1,7.1,0.1,7.4,0.1,6.7,0.1,7.1,0.1,7.3,0.1,6.9,0.1,6.9,0.1,7.1,0.1,6.8,0.1,6.7,0.1,6.7,0.2,6.6,0.1,6.4,0.1,6.5,0.2,6.3,0.1,6.7,0.1,6.7,0.1,6.8,0.1,7.2,0.1,7.2,0.1,7.3,0.1,6.7,0.1,6.6,0.1,6.9,0.1,5.9,0.1,5.7,0.1,6.1,0.1,5,0.1,4.7,0.1,5.2,0.1,3.5,0.1,3.3,0.1,3.7,0.1,2.4,0.1,2.2,0.1,2.6,0.1,1.7,0.1,1.4,0.1,1.9,0.1,1.7,0.1,1.2,0.1,2.2,0.1,12.5,0.1,12.9,0.1,12,0.1,3.7,0.1,3.9,0.1,3.6,0.1,9.9,0.1,10.3,0.1,9.4,0.1,40.7,0.1,41.8,0.1,39.6,0.1,80.2,0.1,79.4,0.1,80.9,0.1,77.7,0.1,76.8,0.1,78.5,0.1,20.1,0.1,18.4,0.1,21.6,0.1,17.5,0.1,16,0.1,19,0.1,14.2,0.1,12.7,0.1,15.6,0.1,5.7,0.1,4.7,0.1,6.7,0.1,37.8,0.1,36.5,0.2,39.1,0.2,96.9,0.3,,,,,57.4,0.1,,,,,22.3,0.1,,,,,35.1,0.1,,,,,0.1,,,,,,1.6,,,,,
2015,0400000US53,53,Washington,7170351,,3585221,4421,3585130,4421,6.2,0.1,6.3,0.1,6.1,0.1,6.4,0.1,6.6,0.2,6.3,0.2,6.1,0.1,6.2,0.2,6,0.2,6.3,0.1,6.5,0.1,6.1,0.1,6.8,0.1,7.1,0.1,6.5,0.1,7.4,0.1,7.6,0.1,7.1,0.1,7.3,0.1,7.4,0.1,7.1,0.1,6.6,0.1,6.7,0.2,6.4,0.2,6.3,0.1,6.4,0.2,6.3,0.2,6.4,0.1,6.5,0.1,6.3,0.1,6.8,0.1,6.8,0.1,6.8,0.1,6.8,0.1,6.7,0.1,6.9,0.1,6.1,0.1,5.9,0.1,6.4,0.1,5.2,0.1,5,0.1,5.3,0.1,3.6,0.1,3.4,0.1,3.7,0.1,2.3,0.1,2.2,0.1,2.5,0.1,1.6,0.1,1.5,0.1,1.8,0.1,1.8,0.1,1.2,0.1,2.4,0.1,12.5,0.1,12.8,0.1,12.2,0.1,3.8,0.1,3.9,0.1,3.7,0.1,9.3,0.1,9.7,0.1,8.9,0.1,40.7,0.1,41.8,0.1,39.6,0.1,80.1,0.1,79.7,0.1,80.5,0.1,77.5,0.1,77,0.1,78,0.1,20.6,0.1,19.1,0.1,22.1,0.1,18,0.1,16.6,0.1,19.4,0.1,14.5,0.1,13.2,0.1,15.7,0.1,5.8,0.1,4.8,0.1,6.7,0.1,37.5,0.2,36.6,0.1,38.6,0.2,100,0.2,,,,,58.6,0.1,,,,,22.9,0.1,,,,,35.6,0.1,,,,,0,,,,,,1.4,,,,,
2015,0400000US54,54,West Virginia,1844128,,908559,2519,935569,2519,5.5,0.1,5.6,0.1,5.5,0.2,5.6,0.2,5.9,0.3,5.3,0.3,5.8,0.2,5.9,0.3,5.7,0.3,6.2,0.2,6.6,0.3,5.9,0.2,6.3,0.2,6.6,0.3,6,0.2,6.1,0.1,6.1,0.2,6,0.1,5.8,0.1,5.9,0.1,5.7,0.1,6.1,0.2,6.2,0.3,6.1,0.4,6.4,0.3,6.6,0.3,6.1,0.3,6.4,0.1,6.6,0.1,6.2,0.1,7,0.1,7,0.1,7,0.1,7.2,0.2,7.2,0.3,7.1,0.3,7.4,0.2,7.3,0.3,7.5,0.3,6.4,0.2,6.1,0.3,6.6,0.3,4.3,0.2,4.3,0.3,4.4,0.2,3.1,0.1,2.8,0.2,3.3,0.2,2.2,0.1,1.9,0.2,2.6,0.2,2.2,0.1,1.5,0.2,2.9,0.2,11.4,0.1,11.8,0.1,11,0.2,3.6,0.1,3.7,0.2,3.6,0.2,8.9,0.1,9.5,0.2,8.4,0.2,36.9,0.1,37.9,0.2,35.8,0.2,81.8,0.1,81.3,0.2,82.2,0.2,79.4,0.1,78.9,0.2,79.9,0.2,25.7,0.2,23.9,0.3,27.3,0.3,22.6,0.2,20.9,0.3,24.3,0.3,18.2,0.1,16.6,0.1,19.8,0.1,7.5,0.1,6.2,0.1,8.8,0.1,42.2,0.2,41,0.4,43.2,0.3,97.1,0.5,,,,,63.4,0.3,,,,,29.8,0.2,,,,,33.6,0.2,,,,,0,,,,,,1,,,,,
2015,0400000US55,55,Wisconsin,5771337,,2868297,3334,2903040,3334,5.8,0.1,6,0.1,5.7,0.1,6.3,0.1,6.5,0.1,6.2,0.2,6.3,0.1,6.6,0.1,6,0.2,6.6,0.1,6.8,0.1,6.3,0.1,7,0.1,7.2,0.1,6.9,0.1,6.1,0.1,6.3,0.1,5.9,0.1,6.4,0.1,6.6,0.1,6.3,0.1,6,0.1,6.1,0.2,5.9,0.1,6.1,0.1,6.2,0.1,5.9,0.1,6.5,0.1,6.6,0.1,6.4,0.1,7.4,0.1,7.4,0.1,7.3,0.1,7.4,0.1,7.4,0.1,7.4,0.1,6.4,0.1,6.4,0.1,6.4,0.1,5.2,0.1,5.2,0.1,5.2,0.1,3.5,0.1,3.3,0.1,3.8,0.1,2.7,0.1,2.4,0.1,2.9,0.1,1.9,0.1,1.7,0.1,2.2,0.1,2.2,0.1,1.4,0.1,3,0.1,12.7,0.1,13.1,0.1,12.2,0.1,3.9,0.1,4,0.1,3.8,0.1,9.7,0.1,9.9,0.1,9.5,0.1,38.2,0.1,39.1,0.1,37.4,0.1,80.2,0.1,79.6,0.1,80.8,0.1,77.6,0.1,76.9,0.1,78.3,0.1,22,0.1,20.5,0.1,23.6,0.1,19.3,0.1,17.7,0.1,20.8,0.1,15.6,0.1,14.1,0.1,17.1,0.1,6.8,0.1,5.6,0.1,8.1,0.1,39.4,0.1,38.2,0.2,40.6,0.2,98.8,0.2,,,,,61.3,0.1,,,,,25.2,0.1,,,,,36.1,0.1,,,,,0,,,,,,0.9,,,,,
2015,0400000US56,56,Wyoming,586107,,295102,2375,291005,2375,6.5,0.3,6.8,0.4,6.2,0.5,6.7,0.5,6.3,0.6,7.2,0.7,6.9,0.4,7.3,0.6,6.5,0.7,6.8,0.4,6.5,0.5,7.1,0.7,6.7,0.3,7.4,0.5,6.1,0.4,7,0.3,7.1,0.3,6.9,0.7,7.1,0.3,7,0.3,7.2,0.5,6.7,0.4,7,0.5,6.4,0.6,5.6,0.3,5.8,0.6,5.5,0.5,5.4,0.2,5.4,0.2,5.4,0.3,6.5,0.2,6.3,0.2,6.8,0.4,7.4,0.4,7.2,0.6,7.7,0.5,6.5,0.4,6.8,0.5,6.3,0.6,4.9,0.3,5.2,0.4,4.7,0.4,3.5,0.3,3.3,0.4,3.7,0.4,2.3,0.2,2.2,0.2,2.3,0.3,1.7,0.2,1.5,0.3,2,0.3,1.7,0.2,1.1,0.3,2.2,0.3,13.6,0.4,13.6,0.4,13.7,0.7,3.7,0.2,3.6,0.4,3.7,0.4,9.9,0.3,10.3,0.5,9.5,0.5,39.9,0.5,40.7,0.6,39.1,0.8,78.6,0.5,78.4,0.7,78.8,0.9,76.2,0.4,76,0.6,76.4,0.8,20.6,0.4,20.1,0.6,21.1,0.6,17.8,0.4,16.9,0.5,18.7,0.6,14.1,0.2,13.3,0.2,14.9,0.2,5.6,0.1,4.8,0.2,6.5,0.2,36.5,0.5,35.9,0.6,37.1,0.7,101.4,1.6,,,,,61,1.2,,,,,22.7,0.4,,,,,38.3,0.9,,,,,0.1,,,,,,1.7,,,,,
2015,0400000US72,72,Puerto Rico,3474182,,1657467,3618,1816715,3618,5,0.1,5.5,0.1,4.5,0.1,5.8,0.2,6.3,0.2,5.4,0.3,6.3,0.2,6.8,0.2,5.8,0.3,7,0.1,7.4,0.2,6.7,0.2,7.3,0.1,7.8,0.2,6.9,0.2,6.3,0.1,6.6,0.1,6,0.1,5.9,0.1,5.8,0.2,5.9,0.1,6.4,0.2,6.3,0.3,6.5,0.2,6.5,0.2,6.6,0.3,6.4,0.3,6.4,0.1,6.4,0.1,6.5,0.1,6.7,0.1,6.4,0.1,6.9,0.1,6.2,0.2,5.9,0.2,6.5,0.2,6.2,0.2,5.9,0.2,6.4,0.2,5.9,0.1,5.6,0.2,6.2,0.2,4.4,0.1,4.1,0.1,4.6,0.2,3.3,0.1,2.9,0.2,3.6,0.2,2.3,0.1,2.1,0.2,2.4,0.1,2.2,0.1,1.6,0.1,2.6,0.1,12.1,0.1,13.1,0.1,11.2,0.1,4.1,0.1,4.4,0.1,3.9,0.1,10.2,0.1,10.8,0.1,9.7,0.1,39.4,0.1,40.5,0.2,38.4,0.1,81.6,0.1,80.1,0.2,82.9,0.2,78.8,,77.1,0.2,80.3,0.2,24.2,0.2,22.3,0.2,26,0.2,21.7,0.1,19.8,0.2,23.3,0.2,18,,16.4,0.1,19.6,0.1,7.8,0.1,6.7,0.1,8.7,0.1,40,0.2,38,0.3,41.9,0.2,91.2,0.4,,,,,64.7,,,,,,29.7,,,,,,35,,,,,,0.1,,,,,,1.6,,,,,
