Year,Id,Id2,Geography,Total; Estimate; Total population,Total; Margin of Error; Total population,Male; Estimate; Total population,Male; Margin of Error; Total population,Female; Estimate; Total population,Female; Margin of Error; Total population,Total; Estimate; Total population - AGE - Under 5 years,Total; Margin of Error; Total population - AGE - Under 5 years,Male; Estimate; Total population - AGE - Under 5 years,Male; Margin of Error; Total population - AGE - Under 5 years,Female; Estimate; Total population - AGE - Under 5 years,Female; Margin of Error; Total population - AGE - Under 5 years,Total; Estimate; Total population - AGE - 5 to 9 years,Total; Margin of Error; Total population - AGE - 5 to 9 years,Male; Estimate; Total population - AGE - 5 to 9 years,Male; Margin of Error; Total population - AGE - 5 to 9 years,Female; Estimate; Total population - AGE - 5 to 9 years,Female; Margin of Error; Total population - AGE - 5 to 9 years,Total; Estimate; Total population - AGE - 10 to 14 years,Total; Margin of Error; Total population - AGE - 10 to 14 years,Male; Estimate; Total population - AGE - 10 to 14 years,Male; Margin of Error; Total population - AGE - 10 to 14 years,Female; Estimate; Total population - AGE - 10 to 14 years,Female; Margin of Error; Total population - AGE - 10 to 14 years,Total; Estimate; Total population - AGE - 15 to 19 years,Total; Margin of Error; Total population - AGE - 15 to 19 years,Male; Estimate; Total population - AGE - 15 to 19 years,Male; Margin of Error; Total population - AGE - 15 to 19 years,Female; Estimate; Total population - AGE - 15 to 19 years,Female; Margin of Error; Total population - AGE - 15 to 19 years,Total; Estimate; Total population - AGE - 20 to 24 years,Total; Margin of Error; Total population - AGE - 20 to 24 years,Male; Estimate; Total population - AGE - 20 to 24 years,Male; Margin of Error; Total population - AGE - 20 to 24 years,Female; Estimate; Total population - AGE - 20 to 24 years,Female; Margin of Error; Total population - AGE - 20 to 24 years,Total; Estimate; Total population - AGE - 25 to 29 years,Total; Margin of Error; Total population - AGE - 25 to 29 years,Male; Estimate; Total population - AGE - 25 to 29 years,Male; Margin of Error; Total population - AGE - 25 to 29 years,Female; Estimate; Total population - AGE - 25 to 29 years,Female; Margin of Error; Total population - AGE - 25 to 29 years,Total; Estimate; Total population - AGE - 30 to 34 years,Total; Margin of Error; Total population - AGE - 30 to 34 years,Male; Estimate; Total population - AGE - 30 to 34 years,Male; Margin of Error; Total population - AGE - 30 to 34 years,Female; Estimate; Total population - AGE - 30 to 34 years,Female; Margin of Error; Total population - AGE - 30 to 34 years,Total; Estimate; Total population - AGE - 35 to 39 years,Total; Margin of Error; Total population - AGE - 35 to 39 years,Male; Estimate; Total population - AGE - 35 to 39 years,Male; Margin of Error; Total population - AGE - 35 to 39 years,Female; Estimate; Total population - AGE - 35 to 39 years,Female; Margin of Error; Total population - AGE - 35 to 39 years,Total; Estimate; Total population - AGE - 40 to 44 years,Total; Margin of Error; Total population - AGE - 40 to 44 years,Male; Estimate; Total population - AGE - 40 to 44 years,Male; Margin of Error; Total population - AGE - 40 to 44 years,Female; Estimate; Total population - AGE - 40 to 44 years,Female; Margin of Error; Total population - AGE - 40 to 44 years,Total; Estimate; Total population - AGE - 45 to 49 years,Total; Margin of Error; Total population - AGE - 45 to 49 years,Male; Estimate; Total population - AGE - 45 to 49 years,Male; Margin of Error; Total population - AGE - 45 to 49 years,Female; Estimate; Total population - AGE - 45 to 49 years,Female; Margin of Error; Total population - AGE - 45 to 49 years,Total; Estimate; Total population - AGE - 50 to 54 years,Total; Margin of Error; Total population - AGE - 50 to 54 years,Male; Estimate; Total population - AGE - 50 to 54 years,Male; Margin of Error; Total population - AGE - 50 to 54 years,Female; Estimate; Total population - AGE - 50 to 54 years,Female; Margin of Error; Total population - AGE - 50 to 54 years,Total; Estimate; Total population - AGE - 55 to 59 years,Total; Margin of Error; Total population - AGE - 55 to 59 years,Male; Estimate; Total population - AGE - 55 to 59 years,Male; Margin of Error; Total population - AGE - 55 to 59 years,Female; Estimate; Total population - AGE - 55 to 59 years,Female; Margin of Error; Total population - AGE - 55 to 59 years,Total; Estimate; Total population - AGE - 60 to 64 years,Total; Margin of Error; Total population - AGE - 60 to 64 years,Male; Estimate; Total population - AGE - 60 to 64 years,Male; Margin of Error; Total population - AGE - 60 to 64 years,Female; Estimate; Total population - AGE - 60 to 64 years,Female; Margin of Error; Total population - AGE - 60 to 64 years,Total; Estimate; Total population - AGE - 65 to 69 years,Total; Margin of Error; Total population - AGE - 65 to 69 years,Male; Estimate; Total population - AGE - 65 to 69 years,Male; Margin of Error; Total population - AGE - 65 to 69 years,Female; Estimate; Total population - AGE - 65 to 69 years,Female; Margin of Error; Total population - AGE - 65 to 69 years,Total; Estimate; Total population - AGE - 70 to 74 years,Total; Margin of Error; Total population - AGE - 70 to 74 years,Male; Estimate; Total population - AGE - 70 to 74 years,Male; Margin of Error; Total population - AGE - 70 to 74 years,Female; Estimate; Total population - AGE - 70 to 74 years,Female; Margin of Error; Total population - AGE - 70 to 74 years,Total; Estimate; Total population - AGE - 75 to 79 years,Total; Margin of Error; Total population - AGE - 75 to 79 years,Male; Estimate; Total population - AGE - 75 to 79 years,Male; Margin of Error; Total population - AGE - 75 to 79 years,Female; Estimate; Total population - AGE - 75 to 79 years,Female; Margin of Error; Total population - AGE - 75 to 79 years,Total; Estimate; Total population - AGE - 80 to 84 years,Total; Margin of Error; Total population - AGE - 80 to 84 years,Male; Estimate; Total population - AGE - 80 to 84 years,Male; Margin of Error; Total population - AGE - 80 to 84 years,Female; Estimate; Total population - AGE - 80 to 84 years,Female; Margin of Error; Total population - AGE - 80 to 84 years,Total; Estimate; Total population - AGE - 85 years and over,Total; Margin of Error; Total population - AGE - 85 years and over,Male; Estimate; Total population - AGE - 85 years and over,Male; Margin of Error; Total population - AGE - 85 years and over,Female; Estimate; Total population - AGE - 85 years and over,Female; Margin of Error; Total population - AGE - 85 years and over,Total; Estimate; Total population - SELECTED AGE CATEGORIES - 5 to 14 years,Total; Margin of Error; Total population - SELECTED AGE CATEGORIES - 5 to 14 years,Male; Estimate; Total population - SELECTED AGE CATEGORIES - 5 to 14 years,Male; Margin of Error; Total population - SELECTED AGE CATEGORIES - 5 to 14 years,Female; Estimate; Total population - SELECTED AGE CATEGORIES - 5 to 14 years,Female; Margin of Error; Total population - SELECTED AGE CATEGORIES - 5 to 14 years,Total; Estimate; Total population - SELECTED AGE CATEGORIES - 15 to 17 years,Total; Margin of Error; Total population - SELECTED AGE CATEGORIES - 15 to 17 years,Male; Estimate; Total population - SELECTED AGE CATEGORIES - 15 to 17 years,Male; Margin of Error; Total population - SELECTED AGE CATEGORIES - 15 to 17 years,Female; Estimate; Total population - SELECTED AGE CATEGORIES - 15 to 17 years,Female; Margin of Error; Total population - SELECTED AGE CATEGORIES - 15 to 17 years,Total; Estimate; Total population - SELECTED AGE CATEGORIES - 18 to 24 years,Total; Margin of Error; Total population - SELECTED AGE CATEGORIES - 18 to 24 years,Male; Estimate; Total population - SELECTED AGE CATEGORIES - 18 to 24 years,Male; Margin of Error; Total population - SELECTED AGE CATEGORIES - 18 to 24 years,Female; Estimate; Total population - SELECTED AGE CATEGORIES - 18 to 24 years,Female; Margin of Error; Total population - SELECTED AGE CATEGORIES - 18 to 24 years,Total; Estimate; Total population - SELECTED AGE CATEGORIES - 15 to 44 years,Total; Margin of Error; Total population - SELECTED AGE CATEGORIES - 15 to 44 years,Male; Estimate; Total population - SELECTED AGE CATEGORIES - 15 to 44 years,Male; Margin of Error; Total population - SELECTED AGE CATEGORIES - 15 to 44 years,Female; Estimate; Total population - SELECTED AGE CATEGORIES - 15 to 44 years,Female; Margin of Error; Total population - SELECTED AGE CATEGORIES - 15 to 44 years,Total; Estimate; Total population - SELECTED AGE CATEGORIES - 16 years and over,Total; Margin of Error; Total population - SELECTED AGE CATEGORIES - 16 years and over,Male; Estimate; Total population - SELECTED AGE CATEGORIES - 16 years and over,Male; Margin of Error; Total population - SELECTED AGE CATEGORIES - 16 years and over,Female; Estimate; Total population - SELECTED AGE CATEGORIES - 16 years and over,Female; Margin of Error; Total population - SELECTED AGE CATEGORIES - 16 years and over,Total; Estimate; Total population - SELECTED AGE CATEGORIES - 18 years and over,Total; Margin of Error; Total population - SELECTED AGE CATEGORIES - 18 years and over,Male; Estimate; Total population - SELECTED AGE CATEGORIES - 18 years and over,Male; Margin of Error; Total population - SELECTED AGE CATEGORIES - 18 years and over,Female; Estimate; Total population - SELECTED AGE CATEGORIES - 18 years and over,Female; Margin of Error; Total population - SELECTED AGE CATEGORIES - 18 years and over,Total; Estimate; Total population - SELECTED AGE CATEGORIES - 60 years and over,Total; Margin of Error; Total population - SELECTED AGE CATEGORIES - 60 years and over,Male; Estimate; Total population - SELECTED AGE CATEGORIES - 60 years and over,Male; Margin of Error; Total population - SELECTED AGE CATEGORIES - 60 years and over,Female; Estimate; Total population - SELECTED AGE CATEGORIES - 60 years and over,Female; Margin of Error; Total population - SELECTED AGE CATEGORIES - 60 years and over,Total; Estimate; Total population - SELECTED AGE CATEGORIES - 62 years and over,Total; Margin of Error; Total population - SELECTED AGE CATEGORIES - 62 years and over,Male; Estimate; Total population - SELECTED AGE CATEGORIES - 62 years and over,Male; Margin of Error; Total population - SELECTED AGE CATEGORIES - 62 years and over,Female; Estimate; Total population - SELECTED AGE CATEGORIES - 62 years and over,Female; Margin of Error; Total population - SELECTED AGE CATEGORIES - 62 years and over,Total; Estimate; Total population - SELECTED AGE CATEGORIES - 65 years and over,Total; Margin of Error; Total population - SELECTED AGE CATEGORIES - 65 years and over,Male; Estimate; Total population - SELECTED AGE CATEGORIES - 65 years and over,Male; Margin of Error; Total population - SELECTED AGE CATEGORIES - 65 years and over,Female; Estimate; Total population - SELECTED AGE CATEGORIES - 65 years and over,Female; Margin of Error; Total population - SELECTED AGE CATEGORIES - 65 years and over,Total; Estimate; Total population - SELECTED AGE CATEGORIES - 75 years and over,Total; Margin of Error; Total population - SELECTED AGE CATEGORIES - 75 years and over,Male; Estimate; Total population - SELECTED AGE CATEGORIES - 75 years and over,Male; Margin of Error; Total population - SELECTED AGE CATEGORIES - 75 years and over,Female; Estimate; Total population - SELECTED AGE CATEGORIES - 75 years and over,Female; Margin of Error; Total population - SELECTED AGE CATEGORIES - 75 years and over,Total; Estimate; Total population - SUMMARY INDICATORS - Median age (years),Total; Margin of Error; Total population - SUMMARY INDICATORS - Median age (years),Male; Estimate; Total population - SUMMARY INDICATORS - Median age (years),Male; Margin of Error; Total population - SUMMARY INDICATORS - Median age (years),Female; Estimate; Total population - SUMMARY INDICATORS - Median age (years),Female; Margin of Error; Total population - SUMMARY INDICATORS - Median age (years),Total; Estimate; Total population - SUMMARY INDICATORS - Sex ratio (males per 100 females),Total; Margin of Error; Total population - SUMMARY INDICATORS - Sex ratio (males per 100 females),Male; Estimate; Total population - SUMMARY INDICATORS - Sex ratio (males per 100 females),Male; Margin of Error; Total population - SUMMARY INDICATORS - Sex ratio (males per 100 females),Female; Estimate; Total population - SUMMARY INDICATORS - Sex ratio (males per 100 females),Female; Margin of Error; Total population - SUMMARY INDICATORS - Sex ratio (males per 100 females),Total; Estimate; Total population - SUMMARY INDICATORS - Age dependency ratio,Total; Margin of Error; Total population - SUMMARY INDICATORS - Age dependency ratio,Male; Estimate; Total population - SUMMARY INDICATORS - Age dependency ratio,Male; Margin of Error; Total population - SUMMARY INDICATORS - Age dependency ratio,Female; Estimate; Total population - SUMMARY INDICATORS - Age dependency ratio,Female; Margin of Error; Total population - SUMMARY INDICATORS - Age dependency ratio,Total; Estimate; Total population - SUMMARY INDICATORS - Old-age dependency ratio,Total; Margin of Error; Total population - SUMMARY INDICATORS - Old-age dependency ratio,Male; Estimate; Total population - SUMMARY INDICATORS - Old-age dependency ratio,Male; Margin of Error; Total population - SUMMARY INDICATORS - Old-age dependency ratio,Female; Estimate; Total population - SUMMARY INDICATORS - Old-age dependency ratio,Female; Margin of Error; Total population - SUMMARY INDICATORS - Old-age dependency ratio,Total; Estimate; Total population - SUMMARY INDICATORS - Child dependency ratio,Total; Margin of Error; Total population - SUMMARY INDICATORS - Child dependency ratio,Male; Estimate; Total population - SUMMARY INDICATORS - Child dependency ratio,Male; Margin of Error; Total population - SUMMARY INDICATORS - Child dependency ratio,Female; Estimate; Total population - SUMMARY INDICATORS - Child dependency ratio,Female; Margin of Error; Total population - SUMMARY INDICATORS - Child dependency ratio,Total; Estimate; Total population - PERCENT IMPUTED - Sex,Total; Margin of Error; Total population - PERCENT IMPUTED - Sex,Male; Estimate; Total population - PERCENT IMPUTED - Sex,Male; Margin of Error; Total population - PERCENT IMPUTED - Sex,Female; Estimate; Total population - PERCENT IMPUTED - Sex,Female; Margin of Error; Total population - PERCENT IMPUTED - Sex,Total; Estimate; Total population - PERCENT IMPUTED - Age,Total; Margin of Error; Total population - PERCENT IMPUTED - Age,Male; Estimate; Total population - PERCENT IMPUTED - Age,Male; Margin of Error; Total population - PERCENT IMPUTED - Age,Female; Estimate; Total population - PERCENT IMPUTED - Age,Female; Margin of Error; Total population - PERCENT IMPUTED - Age
2005,0400000US01,1,Alabama,4442558,,2142901,3564,2299657,3564,6.6,0.1,6.9,0.1,6.3,0.1,6.5,0.2,6.8,0.2,6.2,0.2,7.2,0.2,7.7,0.2,6.7,0.2,6.6,0.1,7.1,0.1,6.2,0.1,6.8,0.1,7.1,0.1,6.5,0.1,6.7,0.1,6.7,0.1,6.7,0.1,6.5,0.1,6.4,0.1,6.5,0.1,6.5,0.2,6.7,0.2,6.3,0.2,7.9,0.2,7.7,0.2,8.1,0.2,7.7,0.1,7.6,0.1,7.8,0.1,7,0.1,7,0.1,7,0.1,6.2,0.1,6.1,0.2,6.2,0.1,5,0.1,4.8,0.2,5.1,0.1,4,0.1,3.7,0.1,4.2,0.1,3.3,0.1,3.1,0.1,3.6,0.1,2.6,0.1,2.2,0.1,2.8,0.1,1.7,0.1,1.3,0.1,2.1,0.1,1.3,0.1,0.8,0.1,1.8,0.1,13.7,0.1,14.5,0.1,12.9,0.1,4.2,0.1,4.4,0.1,3.9,0.1,9.3,0.1,9.8,0.1,8.8,0.1,41,0.1,41.8,0.2,40.3,0.2,78.3,0.1,77.1,0.2,79.5,0.2,75.6,0.1,74.2,0.1,76.8,0.1,17.9,0.1,16,0.2,19.5,0.1,15.8,0.1,14,0.1,17.5,0.2,12.9,0.1,11.2,0.1,14.5,0.1,5.6,0.1,4.4,0.1,6.7,0.1,37.4,0.1,36,0.2,38.9,0.2,93.2,0.3,(X),,(X),,59.6,0.1,(X),,(X),,20.6,0.1,(X),,(X),,39,0.1,(X),,(X),,0.2,,(X),,(X),,0.7,,(X),,(X),
2005,0400000US02,2,Alaska,641724,,325699,1891,316025,1891,7.7,0.1,7.6,0.3,7.7,0.4,8,0.4,7.9,0.5,8.2,0.5,8.4,0.4,8.6,0.6,8.1,0.6,8.4,0.3,8.4,0.3,8.4,0.4,7.1,0.3,7.4,0.3,6.8,0.4,5.6,0.2,5.6,0.3,5.5,0.3,6.3,0.3,5.9,0.3,6.8,0.3,7,0.4,6.9,0.5,7.1,0.5,8.3,0.4,8.3,0.6,8.3,0.5,8.6,0.3,8.4,0.4,8.9,0.3,8,0.2,8.2,0.3,7.8,0.2,6,0.4,6.1,0.5,5.9,0.4,4.1,0.3,4.5,0.4,3.6,0.4,2.3,0.2,2.4,0.3,2.2,0.2,1.8,0.2,1.8,0.2,1.8,0.2,1.2,0.1,1.2,0.2,1.3,0.2,0.7,0.1,0.4,0.1,0.9,0.2,0.6,0.1,0.3,0.1,0.8,0.2,16.4,0.2,16.5,0.3,16.3,0.2,5.2,0.1,5.1,0.2,5.2,0.2,10.4,0.3,10.8,0.3,10,0.4,42.7,0.3,42.6,0.5,42.8,0.5,74.2,0.2,74.2,0.4,74.3,0.4,70.8,0.1,70.8,0.4,70.8,0.4,10.6,0.4,10.7,0.5,10.6,0.5,8.7,0.3,8.7,0.5,8.8,0.4,6.6,0.2,6.2,0.2,7,0.2,2.5,0.1,2,0.2,3,0.2,33.9,0.3,33.6,0.6,34.1,0.3,103.1,1.2,(X),,(X),,55.7,0.4,(X),,(X),,10.2,0.3,(X),,(X),,45.5,0.2,(X),,(X),,0.1,,(X),,(X),,0.7,,(X),,(X),
2005,0400000US04,4,Arizona,5829839,,2902933,2476,2926906,2476,7.9,0.1,8.1,0.1,7.6,0.1,7.4,0.2,7.5,0.2,7.3,0.2,7.4,0.2,7.8,0.2,7.1,0.2,6.8,0.1,7,0.1,6.6,0.1,7,0.1,7.1,0.1,6.8,0.1,7.3,0.1,7.6,0.1,6.9,0.1,7.1,0.1,7.3,0.1,6.8,0.1,6.8,0.2,6.9,0.2,6.6,0.2,7.1,0.2,7.2,0.2,6.9,0.2,6.8,0.1,6.7,0.1,6.8,0.1,6,0.1,5.9,0.1,6.2,0.1,5.4,0.1,5.2,0.1,5.5,0.1,4.6,0.1,4.3,0.1,4.8,0.1,3.8,0.1,3.7,0.1,4,0.1,3.1,0.1,3,0.1,3.3,0.1,2.7,0.1,2.4,0.1,2.9,0.1,1.8,0.1,1.5,0.1,2.2,0.1,1.1,0.1,0.8,0.1,1.4,0.1,14.8,0.1,15.2,0.1,14.4,0.1,4.3,0.1,4.4,0.1,4.2,0.1,9.5,0.1,9.7,0.1,9.3,0.1,41.9,0.1,43.1,0.1,40.8,0.1,75.8,0.1,75,0.1,76.6,0.1,73,0.1,72.2,0.1,73.8,0.1,17.2,0.1,15.7,0.2,18.7,0.1,15.3,0.1,14,0.1,16.7,0.1,12.6,0.1,11.4,0.1,13.8,0.1,5.6,0.1,4.7,0.1,6.5,0.1,34.5,0.2,33.4,0.1,35.6,0.1,99.2,0.2,(X),,(X),,65.6,0.1,(X),,(X),,20.9,0.1,(X),,(X),,44.7,0.1,(X),,(X),,0.2,,(X),,(X),,0.8,,(X),,(X),
2005,0400000US05,5,Arkansas,2701431,,1314810,3291,1386621,3291,6.9,0.1,7.2,0.2,6.6,0.2,6.8,0.2,7.2,0.2,6.4,0.3,6.9,0.2,7.2,0.2,6.7,0.3,7,0.2,7.6,0.2,6.4,0.2,6.6,0.1,6.6,0.2,6.7,0.2,6.8,0.1,6.9,0.2,6.6,0.2,6.3,0.1,6.3,0.2,6.2,0.1,6.8,0.2,6.8,0.3,6.8,0.3,7.4,0.2,7.4,0.3,7.3,0.3,7.3,0.1,7.4,0.1,7.2,0.1,6.8,0.1,6.8,0.1,6.7,0.1,6.1,0.2,5.9,0.2,6.2,0.2,5,0.2,4.9,0.2,5.1,0.2,4.2,0.1,4.1,0.2,4.4,0.2,3.4,0.1,3.2,0.1,3.6,0.2,2.6,0.1,2.3,0.1,2.9,0.1,1.9,0.1,1.5,0.1,2.3,0.1,1.3,0.1,0.9,0.1,1.7,0.1,13.7,0.1,14.3,0.2,13.1,0.1,4.3,0.1,4.6,0.1,4,0.1,9.3,0.1,9.6,0.2,9,0.2,40.8,0.1,41.6,0.2,40.1,0.2,78,0.1,77,0.2,79,0.2,75.1,0.1,73.9,0.2,76.2,0.2,18.5,0.2,16.8,0.2,20,0.2,16.4,0.2,14.9,0.2,17.9,0.2,13.5,0.1,11.9,0.1,15,0.1,5.8,0.1,4.7,0.1,6.9,0.1,37,0.2,35.7,0.2,38.2,0.2,94.8,0.5,(X),,(X),,62.2,0.2,(X),,(X),,21.8,0.1,(X),,(X),,40.4,0.1,(X),,(X),,0.2,,(X),,(X),,0.7,,(X),,(X),
2005,0400000US06,6,California,35278768,,17497507,4744,17781261,4744,7.6,0.1,7.9,0.1,7.3,0.1,7.3,0.1,7.5,0.1,7.1,0.1,7.9,0.1,8.2,0.1,7.6,0.1,7.2,0.1,7.4,0.1,7,0.1,6.8,0.1,7,0.1,6.7,0.1,6.9,0.1,7.2,0.1,6.7,0.1,7.3,0.1,7.4,0.1,7.1,0.1,7.5,0.1,7.7,0.1,7.4,0.1,7.7,0.1,7.8,0.1,7.7,0.1,7.4,0.1,7.4,0.1,7.4,0.1,6.4,0.1,6.3,0.1,6.5,0.1,5.5,0.1,5.3,0.1,5.6,0.1,4,0.1,3.9,0.1,4.1,0.1,3,0.1,2.8,0.1,3.2,0.1,2.5,0.1,2.3,0.1,2.7,0.1,2.2,0.1,1.8,0.1,2.5,0.1,1.6,0.1,1.3,0.1,2,0.1,1.2,0.1,0.9,0.1,1.5,0.1,15.2,0.1,15.7,0.1,14.7,0.1,4.6,0.1,4.7,0.1,4.4,0.1,9.4,0.1,9.7,0.1,9.2,0.1,43.5,0.1,44.4,0.1,42.5,0.1,75.6,0.1,74.9,0.1,76.4,0.1,72.6,0.1,71.8,0.1,73.5,0.1,14.5,0.1,13,0.1,16,0.1,12.8,0.1,11.3,0.1,14.2,0.1,10.5,0.1,9.1,0.1,11.8,0.1,5,0.1,4,0.1,6,0.1,34.4,0.2,33.4,0.1,35.3,0.2,98.4,0.1,(X),,(X),,60.9,0.1,(X),,(X),,16.9,0.1,(X),,(X),,44,0.1,(X),,(X),,0.2,,(X),,(X),,0.9,,(X),,(X),
2005,0400000US08,8,Colorado,4562244,,2283293,3084,2278951,3084,7.4,0.1,7.5,0.1,7.3,0.1,6.9,0.2,7,0.2,6.9,0.2,7.3,0.1,7.5,0.2,7,0.2,6.6,0.1,6.7,0.1,6.4,0.1,6.9,0.1,7,0.1,6.7,0.1,7.6,0.1,7.9,0.1,7.3,0.1,7.9,0.1,8.2,0.1,7.6,0.1,7.3,0.2,7.5,0.3,7.1,0.2,8.1,0.2,8.1,0.3,8.1,0.2,7.8,0.1,7.7,0.1,7.8,0.1,7,0.1,6.9,0.1,7,0.1,5.9,0.1,5.8,0.2,5.9,0.1,3.8,0.1,3.8,0.2,3.9,0.1,3,0.1,2.8,0.1,3.2,0.1,2.4,0.1,2.3,0.1,2.4,0.1,1.9,0.1,1.6,0.1,2.2,0.1,1.4,0.1,1.1,0.1,1.7,0.1,1,0.1,0.6,0.1,1.4,0.1,14.2,0.1,14.4,0.1,13.9,0.1,4.2,0.1,4.2,0.1,4.1,0.1,9.2,0.1,9.5,0.1,9,0.1,44.3,0.1,45.4,0.1,43.2,0.1,76.9,0.1,76.7,0.1,77.2,0.2,74.2,0.1,73.9,0.1,74.6,0.1,13.5,0.1,12.3,0.2,14.8,0.1,11.9,0.1,10.7,0.2,13.1,0.1,9.7,0.1,8.5,0.1,10.9,0.1,4.3,0.1,3.4,0.1,5.3,0.1,34.7,0.2,34,0.2,35.5,0.2,100.2,0.3,(X),,(X),,55,0.1,(X),,(X),,15,0.1,(X),,(X),,40,0.1,(X),,(X),,0.2,,(X),,(X),,0.6,,(X),,(X),
2005,0400000US09,9,Connecticut,3394751,,1645607,1440,1749144,1440,6.2,0.1,6.6,0.1,5.9,0.1,6.5,0.2,6.8,0.3,6.3,0.2,7.3,0.2,7.8,0.3,6.8,0.2,6.6,0.1,7,0.1,6.2,0.1,5.6,0.1,5.8,0.1,5.4,0.1,5.5,0.1,5.7,0.1,5.3,0.1,6,0.1,6,0.1,6,0.1,7.4,0.2,7.3,0.3,7.5,0.2,8.6,0.2,8.7,0.3,8.6,0.2,8.6,0.1,8.6,0.1,8.5,0.1,7.3,0.1,7.4,0.1,7.3,0.1,6.4,0.2,6.3,0.2,6.5,0.2,4.9,0.1,4.8,0.2,5,0.2,3.3,0.1,3.1,0.1,3.5,0.1,2.9,0.1,2.6,0.1,3.1,0.1,2.8,0.1,2.5,0.1,3.1,0.2,2.3,0.1,1.8,0.1,2.7,0.2,1.7,0.1,1.2,0.1,2.2,0.2,13.8,0.1,14.6,0.1,13.1,0.1,4.4,0.1,4.7,0.1,4.2,0.1,7.8,0.1,8.1,0.1,7.4,0.1,39.7,0.1,40.6,0.1,38.9,0.1,78.4,0.1,77.3,0.1,79.5,0.1,75.5,0.1,74.2,0.1,76.8,0.1,17.9,0.2,15.9,0.2,19.8,0.2,15.9,0.1,14.1,0.2,17.6,0.2,13,0.1,11.2,0.1,14.8,0.1,6.8,0.1,5.4,0.1,8.1,0.1,39.3,0.2,38,0.2,40.4,0.2,94.1,0.2,(X),,(X),,60,0.1,(X),,(X),,20.9,0.1,(X),,(X),,39.2,0.1,(X),,(X),,0.1,,(X),,(X),,0.8,,(X),,(X),
2005,0400000US10,10,Delaware,818587,,396855,962,421732,962,6.8,0.1,7,0.1,6.6,0.1,6.4,0.3,6.4,0.5,6.3,0.4,6.6,0.3,7.2,0.5,6.2,0.4,6.2,0.2,6.8,0.2,5.7,0.2,6.7,0.1,6.9,0.2,6.4,0.2,6.7,0.1,6.6,0.2,6.8,0.1,6.4,0.1,6.4,0.1,6.4,0.2,7.3,0.3,7.3,0.5,7.2,0.5,8.2,0.4,8.2,0.5,8.1,0.5,7.9,0.1,7.8,0.2,8.1,0.2,6.8,0.1,6.8,0.2,6.8,0.2,6.1,0.3,6,0.3,6.1,0.4,4.9,0.3,4.7,0.3,5.2,0.4,3.8,0.2,3.8,0.3,3.7,0.3,3.4,0.2,3.1,0.3,3.7,0.3,2.8,0.2,2.4,0.2,3.2,0.3,1.9,0.2,1.6,0.2,2.2,0.3,1.2,0.2,0.9,0.2,1.4,0.2,13,0.1,13.6,0.1,12.5,0.1,4.1,0.1,4.4,0.1,3.8,0.2,8.8,0.1,9.3,0.2,8.3,0.1,41.5,0.2,42.3,0.3,40.6,0.2,78.7,0.2,77.8,0.3,79.6,0.3,76.1,0.1,75,0.2,77.2,0.2,18,0.3,16.5,0.3,19.3,0.4,15.9,0.2,14.4,0.3,17.3,0.3,13,0.1,11.8,0.1,14.2,0.1,5.9,0.1,4.9,0.1,6.8,0.1,37.9,0.3,36.8,0.3,38.9,0.3,94.1,0.4,(X),,(X),,58.5,0.2,(X),,(X),,20.7,0.2,(X),,(X),,37.9,0.1,(X),,(X),,0.1,,(X),,(X),,0.9,,(X),,(X),
2005,0400000US11,11,District of Columbia,515118,,242560,593,272558,593,7.3,0.1,7.9,0.1,6.8,0.1,5.4,0.4,5.9,0.5,5,0.5,5.9,0.4,6.1,0.6,5.8,0.5,4.1,0.2,4.8,0.3,3.5,0.3,5,0.2,5,0.4,5,0.3,11.3,0.1,10.9,0.2,11.7,0.2,9.2,0.1,9.1,0.2,9.2,0.1,8.3,0.5,8.3,0.8,8.3,0.7,7,0.5,7.7,0.7,6.3,0.7,6.9,0.1,7,0.2,6.7,0.2,6.7,0.1,6.8,0.3,6.6,0.1,6.2,0.4,6.1,0.5,6.3,0.5,4.6,0.3,4.2,0.5,4.9,0.5,3.5,0.3,3.4,0.4,3.7,0.4,2.7,0.2,2.3,0.3,2.9,0.3,2.7,0.2,2.2,0.3,3.2,0.4,1.8,0.2,1.1,0.3,2.4,0.4,1.4,0.2,1.1,0.3,1.7,0.3,11.3,0.1,12,0.2,10.7,0.3,3,0.1,3.1,0.2,2.9,0.2,6.1,0.1,6.7,0.2,5.7,0.2,44.9,0.2,45.9,0.3,44.1,0.2,80.2,0.2,79,0.3,81.3,0.3,78.3,0.1,77,0.2,79.5,0.2,16.7,0.4,14.4,0.5,18.8,0.5,14.6,0.3,12.4,0.4,16.5,0.4,12.1,0.1,10.2,0.2,13.9,0.1,5.9,0.1,4.5,0.2,7.3,0.2,35.9,0.2,35.1,0.2,36.6,0.3,89,0.4,(X),,(X),,51,0.3,(X),,(X),,18.3,0.2,(X),,(X),,32.7,0.1,(X),,(X),,0.3,,(X),,(X),,1.4,,(X),,(X),
2005,0400000US12,12,Florida,17382511,,8466292,6005,8916219,6005,6.4,0.1,6.7,0.1,6.1,0.1,6.2,0.1,6.5,0.1,5.9,0.1,6.6,0.1,7,0.1,6.3,0.1,6.4,0.1,6.7,0.1,6.1,0.1,6.2,0.1,6.4,0.1,5.9,0.1,5.9,0.1,6,0.1,5.7,0.1,6.1,0.1,6.2,0.1,6,0.1,6.8,0.1,6.9,0.1,6.7,0.1,7.6,0.1,7.7,0.1,7.5,0.1,7.4,0.1,7.5,0.1,7.4,0.1,6.6,0.1,6.5,0.1,6.7,0.1,6.1,0.1,5.9,0.1,6.2,0.1,5.1,0.1,4.9,0.1,5.3,0.1,4.6,0.1,4.4,0.1,4.7,0.1,4,0.1,3.8,0.1,4.2,0.1,3.6,0.1,3.2,0.1,3.9,0.1,2.6,0.1,2.3,0.1,2.9,0.1,1.8,0.1,1.4,0.1,2.3,0.1,12.8,0.1,13.5,0.1,12.2,0.1,4.1,0.1,4.2,0.1,3.9,0.1,8.5,0.1,8.9,0.1,8.2,0.1,39,0.1,39.9,0.1,38,0.1,79.4,0.1,78.4,0.1,80.4,0.1,76.7,0.1,75.6,0.1,77.8,0.1,21.7,0.1,20,0.1,23.4,0.1,19.6,0.1,18,0.1,21.2,0.1,16.6,0.1,15.1,0.1,18,0.1,8,0.1,6.9,0.1,9.1,0.1,39.5,0.2,38.2,0.1,40.8,0.2,95,0.1,(X),,(X),,66.3,0.1,(X),,(X),,27.6,0.1,(X),,(X),,38.7,0.1,(X),,(X),,0.2,,(X),,(X),,0.9,,(X),,(X),
2005,0400000US13,13,Georgia,8821142,,4321977,5778,4499165,5778,7.9,0.1,8.2,0.1,7.6,0.1,7.1,0.1,7.4,0.2,6.7,0.2,7.4,0.1,7.6,0.2,7.1,0.2,6.9,0.1,7.2,0.1,6.5,0.1,7,0.1,7.1,0.1,6.8,0.1,7.2,0.1,7.5,0.1,7.1,0.1,7.8,0.1,7.7,0.1,7.8,0.1,7.8,0.2,7.9,0.2,7.6,0.2,8.4,0.2,8.3,0.2,8.4,0.2,7.5,0.1,7.4,0.1,7.5,0.1,6.4,0.1,6.3,0.1,6.5,0.1,5.6,0.1,5.5,0.1,5.7,0.1,4.1,0.1,3.9,0.1,4.2,0.1,3.1,0.1,3,0.1,3.2,0.1,2.4,0.1,2.1,0.1,2.6,0.1,1.7,0.1,1.4,0.1,2,0.1,1.2,0.1,0.8,0.1,1.5,0.1,0.8,0.1,0.5,0.1,1.1,0.1,14.4,0.1,15,0.1,13.8,0.1,4.4,0.1,4.6,0.1,4.1,0.1,9.5,0.1,9.7,0.1,9.2,0.1,45,0.1,45.7,0.1,44.2,0.1,76.1,0.1,75.1,0.1,77.1,0.1,73.3,0.1,72.2,0.1,74.4,0.1,13.3,0.1,11.8,0.1,14.6,0.1,11.5,0.1,10.2,0.1,12.9,0.1,9.2,0.1,7.9,0.1,10.5,0.1,3.7,0.1,2.7,0.1,4.7,0.1,34.3,0.1,33.4,0.2,35.3,0.1,96.1,0.3,(X),,(X),,55.9,0.1,(X),,(X),,14.3,0.1,(X),,(X),,41.6,0.1,(X),,(X),,0.2,,(X),,(X),,1,,(X),,(X),
2005,0400000US15,15,Hawaii,1238158,,611556,1296,626602,1296,7.3,0.1,7.6,0.1,6.9,0.1,6.2,0.2,6.3,0.4,6.1,0.4,6.7,0.2,7.1,0.4,6.2,0.3,6.3,0.1,6.6,0.2,6,0.2,6.6,0.2,7,0.3,6.3,0.2,6.1,0.2,6.5,0.2,5.7,0.2,6.2,0.1,6.5,0.1,5.9,0.1,6.5,0.3,6.2,0.4,6.8,0.3,7.7,0.3,8.1,0.4,7.4,0.3,7.5,0.1,7.5,0.1,7.6,0.2,7.5,0.1,7.5,0.1,7.5,0.1,6.7,0.2,6.9,0.3,6.6,0.3,5,0.2,4.9,0.3,5.2,0.3,3.3,0.2,3.2,0.2,3.4,0.2,2.9,0.1,2.6,0.2,3.3,0.2,3.1,0.2,2.5,0.2,3.8,0.2,2.5,0.2,2,0.2,3,0.2,1.8,0.2,1.3,0.2,2.3,0.2,12.8,0.1,13.4,0.1,12.3,0.1,4,0.1,4.2,0.1,3.8,0.1,8.9,0.1,9.4,0.2,8.5,0.2,39.5,0.1,40.8,0.2,38.1,0.2,78.5,0.1,77.6,0.2,79.4,0.2,75.9,0.1,74.8,0.2,77,0.2,18.7,0.2,16.4,0.3,20.9,0.3,16.4,0.2,14.2,0.3,18.5,0.3,13.6,0.1,11.5,0.1,15.7,0.1,7.4,0.1,5.7,0.1,9,0.1,38.5,0.3,37,0.4,40,0.3,97.6,0.4,(X),,(X),,60.7,0.2,(X),,(X),,21.9,0.1,(X),,(X),,38.7,0.1,(X),,(X),,0.4,,(X),,(X),,1.2,,(X),,(X),
2005,0400000US16,16,Idaho,1395634,,695097,2096,700537,2096,7.6,0.1,7.9,0.2,7.3,0.2,7,0.2,7.1,0.3,6.8,0.3,7.5,0.2,7.9,0.4,7.2,0.3,7.5,0.1,7.7,0.2,7.2,0.2,7.6,0.2,7.4,0.2,7.8,0.2,6.9,0.1,7.1,0.2,6.7,0.2,6.4,0.1,6.5,0.2,6.4,0.2,6.2,0.3,6.4,0.4,6.1,0.4,7.5,0.3,7.2,0.4,7.7,0.4,7.3,0.1,7.4,0.2,7.3,0.1,7.1,0.1,7.1,0.2,7,0.1,5.8,0.2,5.7,0.3,5.8,0.3,4.4,0.2,4.5,0.3,4.4,0.3,3.4,0.2,3.4,0.2,3.4,0.2,2.8,0.2,2.7,0.2,3,0.2,2.2,0.1,2,0.2,2.4,0.2,1.6,0.1,1.3,0.1,1.9,0.2,1.2,0.1,0.9,0.1,1.5,0.2,14.5,0.1,15,0.2,14,0.1,4.6,0.1,4.7,0.1,4.5,0.1,10.4,0.1,10.4,0.2,10.5,0.2,42.1,0.2,42.3,0.3,41.9,0.3,76.4,0.2,75.5,0.3,77.2,0.3,73.3,0.1,72.4,0.2,74.1,0.2,15.7,0.2,14.7,0.3,16.6,0.3,13.8,0.2,12.8,0.3,14.8,0.3,11.2,0.1,10.3,0.1,12.2,0.1,5,0.1,4.2,0.1,5.8,0.1,34.6,0.2,33.9,0.3,35.5,0.3,99.2,0.6,(X),,(X),,61.2,0.3,(X),,(X),,18.1,0.2,(X),,(X),,43.1,0.2,(X),,(X),,0.2,,(X),,(X),,0.5,,(X),,(X),
2005,0400000US17,17,Illinois,12440351,,6090298,4022,6350053,4022,7.2,0.1,7.5,0.1,7,0.1,7,0.1,7.3,0.1,6.7,0.1,7.4,0.1,7.7,0.1,7,0.1,6.8,0.1,7,0.1,6.5,0.1,6.7,0.1,6.9,0.1,6.5,0.1,6.9,0.1,7.1,0.1,6.7,0.1,7.1,0.1,7.3,0.1,7,0.1,7.1,0.1,7.2,0.1,6.9,0.1,7.9,0.1,7.9,0.1,7.9,0.1,7.7,0.1,7.7,0.1,7.7,0.1,6.7,0.1,6.7,0.1,6.8,0.1,5.7,0.1,5.6,0.1,5.8,0.1,4.3,0.1,4.2,0.1,4.4,0.1,3.3,0.1,3.1,0.1,3.4,0.1,2.8,0.1,2.4,0.1,3.1,0.1,2.4,0.1,2.1,0.1,2.7,0.1,1.8,0.1,1.4,0.1,2.1,0.1,1.3,0.1,0.8,0.1,1.8,0.1,14.4,0.1,15,0.1,13.7,0.1,4.4,0.1,4.5,0.1,4.2,0.1,9.1,0.1,9.4,0.1,8.7,0.1,42.4,0.1,43.5,0.1,41.5,0.1,76.9,0.1,75.9,0.1,77.9,0.1,74,0.1,72.9,0.1,75.1,0.1,15.8,0.1,14,0.1,17.6,0.1,14,0.1,12.2,0.1,15.7,0.1,11.5,0.1,9.8,0.1,13.2,0.1,5.5,0.1,4.3,0.1,6.6,0.1,35.6,0.2,34.4,0.2,36.9,0.1,95.9,0.1,(X),,(X),,60.1,0.1,(X),,(X),,18.5,0.1,(X),,(X),,41.6,0.1,(X),,(X),,0.2,,(X),,(X),,0.9,,(X),,(X),
2005,0400000US18,18,Indiana,6093372,,2991900,3384,3101472,3384,7.1,0.1,7.3,0.1,6.8,0.1,7.2,0.1,7.3,0.2,7,0.2,7.5,0.1,8,0.1,7,0.2,6.7,0.1,7.1,0.1,6.3,0.1,6.6,0.1,6.8,0.1,6.5,0.1,6.9,0.1,7,0.1,6.7,0.1,6.5,0.1,6.6,0.1,6.4,0.1,6.9,0.1,7,0.2,6.9,0.2,7.6,0.1,7.7,0.2,7.6,0.2,7.7,0.1,7.8,0.1,7.7,0.1,7,0.1,7,0.1,6.9,0.1,6,0.1,5.9,0.1,6,0.1,4.4,0.1,4.3,0.1,4.5,0.1,3.5,0.1,3.3,0.1,3.7,0.1,2.8,0.1,2.5,0.1,3.1,0.1,2.4,0.1,2,0.1,2.8,0.1,1.9,0.1,1.6,0.1,2.3,0.1,1.3,0.1,0.9,0.1,1.7,0.1,14.7,0.1,15.3,0.1,14.1,0.1,4.4,0.1,4.7,0.1,4.2,0.1,8.9,0.1,9.2,0.1,8.6,0.1,41.3,0.1,42.2,0.1,40.4,0.1,76.7,0.1,75.8,0.1,77.6,0.1,73.9,0.1,72.8,0.1,74.9,0.1,16.3,0.1,14.6,0.1,18.1,0.1,14.5,0.1,12.8,0.1,16.1,0.1,11.9,0.1,10.3,0.1,13.6,0.1,5.7,0.1,4.5,0.1,6.8,0.1,36.1,0.1,35,0.1,37.2,0.1,96.5,0.2,(X),,(X),,61.5,0.1,(X),,(X),,19.3,0.1,(X),,(X),,42.2,0.1,(X),,(X),,0.2,,(X),,(X),,0.9,,(X),,(X),
2005,0400000US19,19,Iowa,2862541,,1409206,2180,1453335,2180,6.4,0.1,6.6,0.1,6.2,0.1,6.2,0.1,6.3,0.2,6,0.2,6.6,0.1,6.9,0.2,6.2,0.2,6.6,0.1,7,0.1,6.1,0.1,7,0.1,7.1,0.1,6.8,0.2,6.7,0.1,6.9,0.1,6.6,0.1,6,0.1,6.1,0.1,5.9,0.1,6.4,0.2,6.5,0.2,6.4,0.2,7.7,0.2,7.9,0.3,7.5,0.2,7.9,0.1,8,0.1,7.9,0.1,7.5,0.1,7.6,0.1,7.4,0.1,6.3,0.1,6.3,0.2,6.2,0.2,4.7,0.1,4.6,0.2,4.7,0.2,3.6,0.1,3.4,0.1,3.9,0.1,3.3,0.1,3,0.1,3.7,0.2,3,0.1,2.8,0.1,3.3,0.2,2.3,0.1,1.8,0.1,2.7,0.1,1.7,0.1,1.1,0.1,2.3,0.2,12.7,0.1,13.2,0.1,12.3,0.1,4.2,0.1,4.4,0.1,4,0.1,9.3,0.1,9.8,0.1,8.9,0.1,40.5,0.1,41.6,0.1,39.4,0.1,79.5,0.1,78.9,0.1,80.1,0.2,76.7,0.1,75.8,0.1,77.5,0.1,18.7,0.1,16.7,0.2,20.7,0.2,16.8,0.1,14.7,0.2,18.8,0.2,14,0.1,12.1,0.1,16,0.1,7.1,0.1,5.7,0.1,8.4,0.1,38.6,0.2,37.5,0.2,39.7,0.2,97,0.3,(X),,(X),,59.7,0.1,(X),,(X),,22.4,0.1,(X),,(X),,37.3,0.1,(X),,(X),,0.2,,(X),,(X),,0.6,,(X),,(X),
2005,0400000US20,20,Kansas,2662616,,1315990,2669,1346626,2669,7,0.1,7.3,0.1,6.8,0.1,6.8,0.2,6.9,0.3,6.7,0.2,7,0.2,7.5,0.2,6.6,0.2,6.9,0.1,7.1,0.2,6.7,0.1,7.4,0.1,7.6,0.2,7.3,0.2,7,0.1,7.2,0.1,6.8,0.1,6.3,0.1,6.4,0.1,6.2,0.2,6.8,0.2,6.8,0.3,6.7,0.3,7.4,0.2,7.4,0.3,7.4,0.3,7.8,0.1,7.8,0.1,7.8,0.1,7.1,0.1,7.2,0.1,7.1,0.1,5.8,0.1,5.9,0.2,5.8,0.2,4.2,0.1,4.1,0.2,4.3,0.2,3.4,0.1,3.3,0.2,3.5,0.2,2.9,0.1,2.5,0.1,3.2,0.2,2.6,0.1,2.2,0.1,3,0.1,2,0.1,1.7,0.1,2.3,0.1,1.5,0.1,1.1,0.1,1.9,0.1,13.8,0.1,14.4,0.1,13.3,0.1,4.4,0.1,4.5,0.1,4.2,0.1,10,0.1,10.1,0.2,9.8,0.1,41.7,0.1,42.4,0.2,41,0.2,77.6,0.1,76.8,0.2,78.4,0.2,74.8,0.1,73.9,0.1,75.7,0.1,16.6,0.1,15,0.2,18.2,0.2,14.8,0.1,13.3,0.2,16.3,0.2,12.4,0.1,10.9,0.1,13.9,0.1,6.1,0.1,5,0.1,7.2,0.1,36.1,0.2,35.1,0.2,37.2,0.2,97.7,0.4,(X),,(X),,60.3,0.2,(X),,(X),,19.9,0.1,(X),,(X),,40.4,0.1,(X),,(X),,0.2,,(X),,(X),,0.5,,(X),,(X),
2005,0400000US21,21,Kentucky,4058633,,1985312,3947,2073321,3947,6.7,0.1,6.9,0.1,6.4,0.1,6.5,0.2,7,0.2,6,0.2,6.8,0.1,7,0.2,6.6,0.2,6.5,0.1,7,0.2,5.9,0.1,6.7,0.1,6.8,0.2,6.6,0.1,6.7,0.1,6.8,0.1,6.6,0.1,6.7,0.1,6.8,0.1,6.6,0.1,7,0.2,7,0.2,7.1,0.2,7.9,0.2,8,0.2,7.9,0.3,7.9,0.1,7.8,0.1,7.9,0.1,7.3,0.1,7.3,0.1,7.3,0.1,6.3,0.1,6.2,0.2,6.4,0.2,4.9,0.1,4.8,0.2,4.9,0.2,3.8,0.1,3.6,0.1,4,0.1,3.1,0.1,2.9,0.1,3.4,0.1,2.4,0.1,2.1,0.1,2.8,0.1,1.7,0.1,1.3,0.1,2,0.1,1.2,0.1,0.7,0.1,1.6,0.1,13.3,0.1,14,0.1,12.5,0.1,4.1,0.1,4.4,0.1,3.8,0.1,9,0.1,9.4,0.1,8.7,0.1,41.5,0.1,42.4,0.1,40.7,0.1,78.6,0.1,77.5,0.2,79.7,0.2,75.9,0.1,74.6,0.1,77.2,0.1,17.1,0.1,15.4,0.2,18.7,0.2,15,0.1,13.3,0.2,16.7,0.2,12.2,0.1,10.6,0.1,13.8,0.1,5.3,0.1,4.1,0.1,6.4,0.1,37.5,0.2,36.1,0.2,38.7,0.2,95.8,0.4,(X),,(X),,56.9,0.1,(X),,(X),,19.2,0.1,(X),,(X),,37.7,0.1,(X),,(X),,0.2,,(X),,(X),,0.7,,(X),,(X),
2005,0400000US22,22,Louisiana,4389747,,2117460,3773,2272287,3773,7.3,0.1,7.7,0.1,6.9,0.1,6.8,0.2,7.4,0.2,6.3,0.2,7.4,0.2,7.7,0.2,7.1,0.2,7.3,0.1,7.9,0.1,6.7,0.2,7.7,0.1,7.6,0.2,7.7,0.2,6.9,0.1,6.9,0.1,6.9,0.1,6.2,0.1,6.2,0.1,6.3,0.1,6.5,0.2,6.4,0.2,6.7,0.2,7.7,0.2,7.7,0.3,7.7,0.2,7.6,0.1,7.6,0.1,7.6,0.1,6.9,0.1,6.9,0.1,6.9,0.1,5.7,0.1,5.6,0.2,5.9,0.2,4.7,0.1,4.7,0.2,4.6,0.2,3.6,0.1,3.4,0.1,3.7,0.2,2.8,0.1,2.5,0.1,3.1,0.1,2.4,0.1,2.1,0.1,2.7,0.1,1.6,0.1,1.2,0.1,1.9,0.1,1,0.1,0.7,0.1,1.3,0.1,14.2,0.1,15.1,0.1,13.4,0.1,4.5,0.1,4.8,0.1,4.2,0.1,10.4,0.1,10.7,0.1,10.2,0.1,42.3,0.1,42.6,0.2,41.9,0.1,77,0.1,75.6,0.2,78.4,0.1,74,0.1,72.4,0.1,75.5,0.1,16,0.1,14.5,0.2,17.4,0.2,14.1,0.1,12.7,0.2,15.4,0.2,11.4,0.1,9.9,0.1,12.7,0.1,5,0.1,4,0.1,6,0.1,35.4,0.1,34.1,0.2,36.6,0.1,93.2,0.3,(X),,(X),,59.6,0.2,(X),,(X),,18.1,0.1,(X),,(X),,41.5,0.1,(X),,(X),,0.2,,(X),,(X),,0.9,,(X),,(X),
2005,0400000US23,23,Maine,1283673,,626454,1337,657219,1337,5.2,0.1,5.4,0.1,5,0.1,5.5,0.2,5.9,0.3,5.1,0.3,6.5,0.2,6.7,0.3,6.3,0.3,6.6,0.1,7,0.1,6.3,0.1,6.1,0.1,6.2,0.2,5.9,0.1,5.4,0.1,5.5,0.1,5.3,0.1,5.7,0.1,5.7,0.1,5.7,0.1,7,0.3,7.2,0.4,6.8,0.3,8.4,0.3,8,0.4,8.7,0.4,8.9,0.1,8.8,0.1,8.9,0.1,8.2,0.1,8.2,0.1,8.1,0.1,7.2,0.3,7.2,0.4,7.2,0.3,5.3,0.3,5.4,0.4,5.2,0.3,3.9,0.2,3.7,0.2,4.1,0.2,3.4,0.2,3.4,0.2,3.4,0.2,3,0.2,2.6,0.2,3.5,0.2,2.2,0.1,1.7,0.2,2.6,0.2,1.6,0.1,1.2,0.2,1.9,0.2,12,0.1,12.6,0.1,11.4,0.1,4.3,0.1,4.5,0.1,4.1,0.1,8.4,0.1,8.8,0.1,8.1,0.1,39.1,0.1,39.6,0.2,38.6,0.1,81.3,0.1,80.3,0.2,82.3,0.2,78.5,0.1,77.5,0.1,79.4,0.1,19.4,0.3,18.1,0.4,20.7,0.3,17.2,0.2,15.8,0.3,18.5,0.3,14.1,0.1,12.7,0.1,15.5,0.1,6.8,0.1,5.5,0.1,8,0.1,41.2,0.2,40.2,0.3,42,0.2,95.3,0.4,(X),,(X),,55.4,0.2,(X),,(X),,21.9,0.1,(X),,(X),,33.4,0.1,(X),,(X),,0.1,,(X),,(X),,0.7,,(X),,(X),
2005,0400000US24,24,Maryland,5461318,,2630426,2333,2830892,2333,7,0.1,7.4,0.1,6.6,0.1,6.6,0.2,7,0.2,6.3,0.2,7.5,0.2,7.9,0.2,7,0.2,6.9,0.1,7.4,0.1,6.5,0.1,6.4,0.1,6.7,0.1,6,0.1,6,0.1,6,0.1,6,0.1,6.5,0.1,6.4,0.1,6.6,0.1,7.4,0.1,7.3,0.2,7.5,0.2,8.4,0.1,8.3,0.2,8.5,0.2,8.1,0.1,8.1,0.1,8.2,0.1,7.1,0.1,7,0.1,7.3,0.1,6.3,0.1,6.2,0.2,6.3,0.1,4.6,0.1,4.4,0.2,4.7,0.1,3.2,0.1,3.1,0.1,3.3,0.1,2.7,0.1,2.5,0.1,2.9,0.1,2.4,0.1,2.2,0.1,2.5,0.1,1.7,0.1,1.3,0.1,2.1,0.1,1.2,0.1,0.8,0.1,1.6,0.1,14.1,0.1,14.9,0.1,13.3,0.1,4.5,0.1,4.8,0.1,4.3,0.1,8.8,0.1,9.3,0.1,8.3,0.1,41.7,0.1,42.2,0.1,41.2,0.1,77.4,0.1,76,0.1,78.7,0.1,74.4,0.1,72.9,0.1,75.8,0.1,15.7,0.1,14.2,0.2,17.1,0.1,13.8,0.1,12.3,0.2,15.2,0.1,11.2,0.1,9.8,0.1,12.5,0.1,5.3,0.1,4.2,0.1,6.2,0.1,37.1,0.1,35.8,0.2,38.3,0.2,92.9,0.2,(X),,(X),,58.1,0.1,(X),,(X),,17.6,0.1,(X),,(X),,40.5,0.1,(X),,(X),,0.2,,(X),,(X),,0.8,,(X),,(X),
2005,0400000US25,25,Massachusetts,6182860,,2998038,2931,3184822,2931,6.4,0.1,6.7,0.1,6.1,0.1,6.2,0.1,6.5,0.2,5.9,0.2,6.8,0.1,7.1,0.2,6.4,0.2,6.1,0.1,6.6,0.1,5.6,0.1,6,0.1,6.2,0.1,5.8,0.1,6.7,0.1,6.8,0.1,6.6,0.1,6.9,0.1,7,0.1,6.9,0.1,7.7,0.2,7.7,0.2,7.7,0.2,8.4,0.2,8.6,0.2,8.3,0.2,8.1,0.1,8.1,0.1,8.1,0.1,7,0.1,7,0.1,7.1,0.1,6.2,0.1,6.1,0.1,6.3,0.1,4.6,0.1,4.5,0.1,4.7,0.1,3.3,0.1,3.2,0.1,3.4,0.1,2.9,0.1,2.6,0.1,3.2,0.1,2.9,0.1,2.5,0.1,3.2,0.1,2.1,0.1,1.7,0.1,2.6,0.1,1.7,0.1,1.1,0.1,2.2,0.1,12.9,0.1,13.6,0.1,12.3,0.1,4.1,0.1,4.4,0.1,3.9,0.1,7.9,0.1,8.4,0.1,7.5,0.1,41.9,0.1,42.9,0.1,40.9,0.1,79.3,0.1,78.2,0.1,80.4,0.1,76.5,0.1,75.2,0.1,77.8,0.1,17.5,0.1,15.5,0.1,19.3,0.1,15.5,0.1,13.6,0.1,17.3,0.1,12.9,0.1,11.1,0.1,14.6,0.1,6.7,0.1,5.3,0.1,8,0.1,38.2,0.1,37,0.2,39.4,0.1,94.1,0.2,(X),,(X),,57.1,0.1,(X),,(X),,20.2,0.1,(X),,(X),,36.9,0.1,(X),,(X),,0.2,,(X),,(X),,0.8,,(X),,(X),
2005,0400000US26,26,Michigan,9865583,,4824431,3299,5041152,3299,6.6,0.1,6.9,0.1,6.3,0.1,6.8,0.1,7.1,0.1,6.5,0.1,7.5,0.1,7.8,0.1,7.1,0.1,7.1,0.1,7.4,0.1,6.7,0.1,6.6,0.1,6.7,0.1,6.5,0.1,6.3,0.1,6.4,0.1,6.2,0.1,6.4,0.1,6.4,0.1,6.3,0.1,7.1,0.1,7.2,0.1,7.1,0.1,7.8,0.1,7.8,0.1,7.8,0.1,8,0.1,8.1,0.1,8,0.1,7.1,0.1,7.1,0.1,7.1,0.1,6,0.1,6,0.1,6.1,0.1,4.6,0.1,4.6,0.1,4.6,0.1,3.3,0.1,3,0.1,3.5,0.1,2.8,0.1,2.6,0.1,3,0.1,2.7,0.1,2.4,0.1,3,0.1,1.9,0.1,1.5,0.1,2.3,0.1,1.4,0.1,0.9,0.1,1.8,0.1,14.3,0.1,14.9,0.1,13.6,0.1,4.6,0.1,4.8,0.1,4.4,0.1,9.1,0.1,9.4,0.1,8.8,0.1,41.2,0.1,42,0.1,40.6,0.1,77.5,0.1,76.4,0.1,78.6,0.1,74.5,0.1,73.3,0.1,75.7,0.1,16.7,0.1,15,0.1,18.3,0.1,14.8,0.1,13,0.1,16.5,0.1,12.1,0.1,10.4,0.1,13.7,0.1,6,0.1,4.8,0.1,7.1,0.1,36.9,0.1,35.7,0.2,38.1,0.1,95.7,0.1,(X),,(X),,60.2,0.1,(X),,(X),,19.4,0.1,(X),,(X),,40.8,0.1,(X),,(X),,0.2,,(X),,(X),,0.8,,(X),,(X),
2005,0400000US27,27,Minnesota,4989848,,2476815,3005,2513033,3005,6.8,0.1,7,0.1,6.6,0.1,6.5,0.1,6.7,0.2,6.2,0.2,6.9,0.1,7.2,0.2,6.7,0.1,6.9,0.1,7.2,0.1,6.6,0.1,6.9,0.1,7.1,0.1,6.8,0.1,6.8,0.1,6.9,0.1,6.7,0.1,6.7,0.1,6.8,0.1,6.6,0.1,7.3,0.2,7.5,0.2,7.2,0.2,8.2,0.1,8.3,0.2,8.1,0.2,8.1,0.1,8.2,0.1,8.1,0.1,7.2,0.1,7.2,0.1,7.1,0.1,5.8,0.1,5.8,0.1,5.8,0.1,4.3,0.1,4.3,0.1,4.4,0.1,3.2,0.1,3.1,0.1,3.4,0.1,2.7,0.1,2.5,0.1,2.9,0.1,2.4,0.1,2.1,0.1,2.7,0.1,1.8,0.1,1.4,0.1,2.2,0.1,1.4,0.1,1,0.1,1.9,0.1,13.4,0.1,13.9,0.1,13,0.1,4.4,0.1,4.5,0.1,4.3,0.1,9.4,0.1,9.7,0.1,9.1,0.1,42.8,0.1,43.6,0.1,42,0.1,78.4,0.1,77.7,0.1,79,0.1,75.4,0.1,74.6,0.1,76.2,0.1,15.9,0.1,14.4,0.1,17.4,0.1,14.1,0.1,12.6,0.1,15.6,0.1,11.6,0.1,10.1,0.1,13,0.1,5.6,0.1,4.5,0.1,6.7,0.1,36.7,0.2,35.8,0.1,37.6,0.2,98.6,0.2,(X),,(X),,56.6,0.1,(X),,(X),,18.1,0.1,(X),,(X),,38.5,0.1,(X),,(X),,0.2,,(X),,(X),,0.6,,(X),,(X),
2005,0400000US28,28,Mississippi,2824156,,1358126,3765,1466030,3765,7.4,0.1,7.8,0.2,7.2,0.2,7,0.2,7.7,0.3,6.3,0.3,7.4,0.2,7.8,0.3,7.1,0.3,7.1,0.2,7.3,0.2,7,0.2,7.4,0.2,7.8,0.3,6.9,0.2,6.8,0.1,6.8,0.2,6.9,0.2,6.1,0.1,5.8,0.2,6.3,0.2,6.6,0.2,6.5,0.3,6.6,0.3,7.8,0.2,7.7,0.4,7.8,0.3,7.5,0.1,7.5,0.2,7.4,0.2,6.7,0.1,6.6,0.2,6.7,0.1,5.8,0.2,5.9,0.2,5.7,0.2,4.5,0.1,4.4,0.2,4.6,0.2,3.8,0.1,3.5,0.2,4.1,0.2,3.1,0.1,2.9,0.2,3.3,0.2,2.3,0.1,2,0.1,2.6,0.2,1.6,0.1,1.2,0.1,1.9,0.1,1.1,0.1,0.7,0.1,1.5,0.1,14.4,0.1,15.4,0.1,13.5,0.1,4.5,0.1,4.6,0.2,4.4,0.1,10,0.2,10.6,0.2,9.5,0.2,41.8,0.1,42,0.2,41.5,0.2,76.7,0.1,75.2,0.3,78,0.2,73.7,0.1,72.2,0.2,75,0.2,16.5,0.2,14.7,0.2,18.1,0.2,14.6,0.1,13,0.2,16.1,0.2,11.9,0.1,10.3,0.1,13.5,0.1,5,0.1,3.9,0.1,6.1,0.1,35.5,0.2,34.3,0.2,36.8,0.3,92.6,0.5,(X),,(X),,62.1,0.2,(X),,(X),,19.4,0.1,(X),,(X),,42.7,0.1,(X),,(X),,0.2,,(X),,(X),,0.8,,(X),,(X),
2005,0400000US29,29,Missouri,5631910,,2746587,3310,2885323,3310,6.7,0.1,7.1,0.1,6.4,0.1,6.4,0.1,6.7,0.2,6.1,0.2,6.9,0.1,7.2,0.2,6.6,0.2,6.8,0.1,7.2,0.1,6.4,0.1,7,0.1,7.1,0.1,6.8,0.1,6.6,0.1,6.7,0.1,6.5,0.1,6.4,0.1,6.5,0.1,6.4,0.1,6.8,0.2,6.7,0.2,6.8,0.2,7.8,0.2,7.9,0.2,7.8,0.2,7.9,0.1,8,0.1,7.9,0.1,7,0.1,7,0.1,7.1,0.1,6.1,0.1,6,0.1,6.2,0.1,4.8,0.1,4.7,0.1,4.9,0.2,3.7,0.1,3.5,0.1,3.8,0.1,3.3,0.1,3,0.1,3.5,0.1,2.6,0.1,2.4,0.1,2.8,0.1,1.9,0.1,1.5,0.1,2.3,0.1,1.4,0.1,1,0.1,1.8,0.1,13.3,0.1,13.9,0.1,12.7,0.1,4.3,0.1,4.6,0.1,4.1,0.1,9.4,0.1,9.8,0.1,9.1,0.1,41.4,0.1,42.1,0.1,40.8,0.1,78.4,0.1,77.4,0.1,79.5,0.1,75.7,0.1,74.4,0.1,76.8,0.1,17.6,0.1,16,0.1,19.1,0.2,15.7,0.1,14.1,0.1,17.2,0.1,12.8,0.1,11.3,0.1,14.2,0.1,5.9,0.1,4.8,0.1,6.9,0.1,37.4,0.1,36.2,0.1,38.5,0.2,95.2,0.2,(X),,(X),,59.1,0.1,(X),,(X),,20.4,0.1,(X),,(X),,38.7,0.1,(X),,(X),,0.2,,(X),,(X),,0.6,,(X),,(X),
2005,0400000US30,30,Montana,910651,,452391,1782,458260,1782,5.9,0.1,6.1,0.2,5.7,0.2,5.7,0.3,6,0.4,5.3,0.4,6.5,0.3,6.4,0.4,6.6,0.4,6.7,0.2,7,0.2,6.5,0.2,7.1,0.2,7.3,0.2,6.9,0.3,6.3,0.1,6.6,0.2,6,0.2,5.7,0.2,5.8,0.2,5.6,0.2,5.8,0.3,5.4,0.4,6.3,0.4,7.8,0.3,8.1,0.4,7.6,0.5,8.5,0.1,8.3,0.1,8.7,0.2,8.3,0.1,8.3,0.1,8.2,0.2,6.8,0.3,7,0.4,6.6,0.4,5.6,0.3,5.5,0.4,5.6,0.4,4.2,0.2,4.1,0.2,4.3,0.3,3.1,0.2,3,0.2,3.2,0.2,2.7,0.2,2.6,0.2,2.8,0.2,1.8,0.2,1.4,0.2,2.2,0.3,1.4,0.1,1,0.2,1.8,0.2,12.2,0.2,12.4,0.2,12,0.2,4.2,0.1,4.4,0.1,4.1,0.1,9.6,0.2,9.9,0.2,9.3,0.2,39.4,0.2,40.1,0.3,38.7,0.3,80.5,0.2,80,0.3,81,0.3,77.6,0.1,77,0.2,78.3,0.2,18.9,0.3,17.7,0.4,20,0.4,16.6,0.3,15.4,0.3,17.8,0.4,13.3,0.1,12.2,0.1,14.4,0.2,6,0.1,5.1,0.1,6.9,0.1,40.2,0.3,39.4,0.4,40.8,0.5,98.7,0.8,(X),,(X),,55.4,0.4,(X),,(X),,20.7,0.2,(X),,(X),,34.8,0.3,(X),,(X),,0.1,,(X),,(X),,0.8,,(X),,(X),
2005,0400000US31,31,Nebraska,1706976,,844899,2317,862077,2317,7.2,0.1,7.5,0.1,6.9,0.1,6.7,0.2,6.6,0.3,6.7,0.2,6.9,0.2,7.4,0.3,6.4,0.2,6.8,0.1,7.2,0.1,6.3,0.2,7.5,0.1,7.7,0.2,7.2,0.2,7,0.1,7.1,0.2,6.9,0.1,6.3,0.1,6.6,0.1,6,0.1,6.8,0.2,7,0.3,6.6,0.3,7.1,0.2,7,0.3,7.2,0.3,7.8,0.1,7.7,0.1,7.9,0.1,7.1,0.1,7.1,0.1,7.1,0.1,5.7,0.2,5.7,0.2,5.6,0.2,4.5,0.2,4.4,0.2,4.6,0.2,3.5,0.1,3.3,0.2,3.7,0.2,2.9,0.1,2.7,0.1,3.2,0.2,2.7,0.1,2.4,0.1,3,0.2,2.1,0.1,1.8,0.1,2.4,0.2,1.5,0.1,1,0.1,2.1,0.1,13.6,0.1,14,0.1,13.2,0.1,4.3,0.1,4.6,0.1,4.1,0.1,9.9,0.1,10.3,0.2,9.5,0.1,41.4,0.1,42.5,0.2,40.2,0.2,77.7,0.1,76.9,0.2,78.6,0.2,74.9,0.1,73.9,0.2,75.8,0.2,17.3,0.2,15.5,0.2,19,0.2,15.4,0.2,13.7,0.2,17.1,0.2,12.8,0.1,11.1,0.1,14.4,0.1,6.3,0.1,5.1,0.1,7.5,0.1,36.2,0.2,35,0.2,37.7,0.2,98,0.5,(X),,(X),,61,0.2,(X),,(X),,20.6,0.1,(X),,(X),,40.5,0.1,(X),,(X),,0.2,,(X),,(X),,0.6,,(X),,(X),
2005,0400000US32,32,Nevada,2381281,,1204079,2102,1177202,2102,7.3,0.1,7.3,0.1,7.2,0.1,7.2,0.2,7.2,0.3,7.2,0.3,7.5,0.2,7.6,0.3,7.3,0.3,6.4,0.1,6.6,0.1,6.3,0.1,6.3,0.1,6.4,0.1,6.3,0.1,7.2,0.1,7.3,0.1,7.1,0.1,7.8,0.1,7.8,0.1,7.9,0.2,7.5,0.3,7.7,0.4,7.2,0.4,7.8,0.3,8,0.4,7.5,0.4,7,0.1,7,0.1,6.9,0.1,6.4,0.1,6.3,0.1,6.4,0.1,5.7,0.2,5.6,0.3,5.7,0.2,4.8,0.2,4.6,0.2,5,0.2,4,0.2,3.9,0.2,4.1,0.2,2.7,0.1,2.6,0.2,2.8,0.2,2.1,0.1,2,0.1,2.3,0.2,1.5,0.1,1.2,0.1,1.7,0.1,0.9,0.1,0.7,0.1,1.2,0.1,14.7,0.1,14.8,0.1,14.5,0.1,4.1,0.1,4.1,0.1,4,0.1,8.7,0.1,8.9,0.1,8.5,0.1,43.1,0.1,43.9,0.1,42.2,0.1,76.6,0.1,76.3,0.1,76.9,0.2,74,0.1,73.7,0.1,74.3,0.1,16,0.2,14.9,0.2,17.1,0.2,13.9,0.2,13,0.2,14.8,0.2,11.2,0.1,10.4,0.1,12.1,0.1,4.5,0.1,3.8,0.1,5.2,0.1,35.2,0.2,34.8,0.1,35.5,0.1,102.3,0.4,(X),,(X),,59.3,0.1,(X),,(X),,17.9,0.1,(X),,(X),,41.4,0.1,(X),,(X),,0.2,,(X),,(X),,1.1,,(X),,(X),
2005,0400000US33,33,New Hampshire,1272486,,628494,1540,643992,1540,5.8,0.1,6.1,0.2,5.4,0.1,6.2,0.2,6.3,0.3,6.1,0.3,7.2,0.2,7.7,0.4,6.8,0.3,6.7,0.1,7.1,0.2,6.4,0.1,5.9,0.1,6.1,0.2,5.7,0.1,5.5,0.1,5.5,0.2,5.6,0.2,5.9,0.1,5.8,0.1,5.9,0.2,7.5,0.3,7.7,0.4,7.3,0.4,9.1,0.3,8.7,0.4,9.4,0.4,9,0.1,9.2,0.2,8.9,0.1,7.8,0.1,7.9,0.2,7.8,0.1,6.7,0.2,6.6,0.3,6.8,0.3,4.7,0.2,4.8,0.3,4.7,0.3,3.5,0.2,3.6,0.2,3.5,0.2,2.8,0.2,2.5,0.2,3.1,0.2,2.5,0.1,2.3,0.2,2.7,0.2,1.9,0.1,1.5,0.2,2.3,0.2,1.2,0.1,0.8,0.2,1.6,0.2,13.4,0.1,13.9,0.1,12.9,0.1,4.6,0.1,4.8,0.1,4.4,0.1,8,0.1,8.4,0.2,7.6,0.1,40.6,0.2,40.9,0.3,40.3,0.2,79.2,0.1,78.2,0.2,80.2,0.3,76.2,0.1,75.1,0.2,77.2,0.2,16.6,0.2,15.4,0.3,17.8,0.3,14.6,0.2,13.3,0.2,15.9,0.3,11.9,0.1,10.6,0.1,13.2,0.1,5.6,0.1,4.5,0.1,6.6,0.1,39.5,0.2,38.5,0.3,40.5,0.2,97.6,0.5,(X),,(X),,55.5,0.2,(X),,(X),,18.5,0.1,(X),,(X),,37,0.1,(X),,(X),,0.2,,(X),,(X),,0.8,,(X),,(X),
2005,0400000US34,34,New Jersey,8521427,,4138329,2559,4383098,2559,6.8,0.1,7.2,0.1,6.5,0.1,6.8,0.1,7.2,0.2,6.5,0.2,7.3,0.1,7.7,0.2,6.9,0.2,6.8,0.1,7.1,0.1,6.4,0.1,5.8,0.1,6.1,0.1,5.6,0.1,5.6,0.1,5.7,0.1,5.4,0.1,6.5,0.1,6.6,0.1,6.4,0.1,7.6,0.2,7.6,0.2,7.6,0.2,8.5,0.2,8.6,0.2,8.4,0.2,8.1,0.1,8.2,0.1,8.1,0.1,6.9,0.1,6.9,0.1,7,0.1,5.9,0.1,5.9,0.1,6,0.1,4.7,0.1,4.6,0.1,4.9,0.1,3.3,0.1,3.1,0.1,3.5,0.1,2.9,0.1,2.6,0.1,3.3,0.1,2.8,0.1,2.4,0.1,3.2,0.1,2,0.1,1.5,0.1,2.5,0.1,1.5,0.1,1,0.1,1.9,0.1,14.1,0.1,14.9,0.1,13.4,0.1,4.4,0.1,4.6,0.1,4.1,0.1,8.2,0.1,8.6,0.1,7.8,0.1,40.8,0.1,41.8,0.1,39.8,0.1,77.6,0.1,76.5,0.1,78.7,0.1,74.7,0.1,73.4,0.1,76,0.1,17.3,0.1,15.2,0.1,19.2,0.1,15.4,0.1,13.4,0.1,17.2,0.1,12.5,0.1,10.6,0.1,14.3,0.1,6.3,0.1,5,0.1,7.6,0.1,38,0.2,36.6,0.1,39.1,0.2,94.4,0.1,(X),,(X),,60.8,0.1,(X),,(X),,20.2,0.1,(X),,(X),,40.7,0.1,(X),,(X),,0.2,,(X),,(X),,0.9,,(X),,(X),
2005,0400000US35,35,New Mexico,1887200,,921347,3309,965853,3309,7,0.1,7.3,0.2,6.7,0.2,6.7,0.3,7.2,0.4,6.3,0.3,7.5,0.3,7.5,0.4,7.4,0.4,7.7,0.2,8.2,0.4,7.2,0.3,7.1,0.2,7.2,0.3,7,0.3,6.3,0.1,6.4,0.2,6.2,0.2,6,0.1,6.1,0.2,5.9,0.2,6.4,0.3,6.4,0.4,6.4,0.4,7.4,0.3,7.4,0.4,7.4,0.4,7.7,0.1,7.6,0.2,7.7,0.2,7.1,0.1,6.9,0.2,7.2,0.2,6.5,0.2,6.3,0.3,6.7,0.3,4.6,0.2,4.6,0.3,4.7,0.3,3.7,0.2,3.6,0.2,3.9,0.2,3.1,0.1,3,0.2,3.3,0.2,2.4,0.1,2.1,0.2,2.7,0.2,1.6,0.1,1.3,0.1,1.9,0.2,1.2,0.1,1.1,0.1,1.3,0.2,14.2,0.1,14.7,0.2,13.7,0.2,4.6,0.1,4.8,0.2,4.5,0.2,10.2,0.2,10.5,0.2,9.8,0.3,41,0.2,41.7,0.3,40.3,0.3,77.4,0.2,76.6,0.2,78.2,0.3,74.2,0.1,73.2,0.2,75.2,0.2,16.7,0.2,15.6,0.3,17.8,0.3,14.6,0.2,13.5,0.3,15.7,0.3,12.1,0.1,11,0.1,13.1,0.1,5.2,0.1,4.4,0.1,5.9,0.1,36.2,0.2,35.1,0.2,37.4,0.3,95.4,0.7,(X),,(X),,60.9,0.3,(X),,(X),,19.4,0.2,(X),,(X),,41.5,0.1,(X),,(X),,0.2,,(X),,(X),,0.6,,(X),,(X),
2005,0400000US36,36,New York,18655275,,8993239,4063,9662036,4063,6.7,0.1,7.1,0.1,6.3,0.1,6.4,0.1,6.7,0.1,6,0.1,6.9,0.1,7.4,0.1,6.5,0.1,6.5,0.1,6.9,0.1,6.1,0.1,6.3,0.1,6.6,0.1,6,0.1,6.7,0.1,6.9,0.1,6.5,0.1,6.8,0.1,6.8,0.1,6.8,0.1,7.5,0.1,7.5,0.1,7.5,0.1,8,0.1,8.1,0.1,8,0.1,7.8,0.1,7.9,0.1,7.8,0.1,6.9,0.1,6.9,0.1,6.9,0.1,6.2,0.1,6,0.1,6.3,0.1,4.6,0.1,4.4,0.1,4.8,0.1,3.5,0.1,3.3,0.1,3.8,0.1,2.9,0.1,2.6,0.1,3.2,0.1,2.7,0.1,2.3,0.1,3.1,0.1,2,0.1,1.6,0.1,2.4,0.1,1.6,0.1,1.1,0.1,2,0.1,13.3,0.1,14.1,0.1,12.6,0.1,4.2,0.1,4.5,0.1,4,0.1,8.5,0.1,9,0.1,8.1,0.1,41.8,0.1,42.8,0.1,40.8,0.1,78.6,0.1,77.2,0.1,79.8,0.1,75.8,0.1,74.3,0.1,77.1,0.1,17.3,0.1,15.3,0.1,19.3,0.1,15.4,0.1,13.5,0.1,17.2,0.1,12.7,0.1,10.8,0.1,14.5,0.1,6.3,0.1,5,0.1,7.5,0.1,37.5,0.1,36.1,0.1,38.9,0.2,93.1,0.1,(X),,(X),,58.6,0.1,(X),,(X),,20.2,0.1,(X),,(X),,38.4,0.1,(X),,(X),,0.3,,(X),,(X),,1.1,,(X),,(X),
2005,0400000US37,37,North Carolina,8411041,,4112482,5628,4298559,5628,7.1,0.1,7.5,0.1,6.8,0.1,6.9,0.1,7.3,0.2,6.5,0.2,7.1,0.1,7.5,0.2,6.7,0.2,6.5,0.1,6.9,0.1,6.1,0.1,6.2,0.1,6.4,0.1,6.1,0.1,7,0.1,7.2,0.1,6.8,0.1,7.3,0.1,7.4,0.1,7.1,0.1,7.6,0.1,7.7,0.2,7.5,0.2,7.9,0.1,7.9,0.2,7.9,0.2,7.5,0.1,7.5,0.1,7.5,0.1,6.7,0.1,6.5,0.1,6.8,0.1,6,0.1,5.8,0.1,6.2,0.1,4.6,0.1,4.5,0.1,4.7,0.1,3.6,0.1,3.4,0.1,3.9,0.1,2.9,0.1,2.7,0.1,3.1,0.1,2.4,0.1,2,0.1,2.7,0.1,1.7,0.1,1.4,0.1,2,0.1,1.1,0.1,0.7,0.1,1.5,0.1,14,0.1,14.7,0.1,13.2,0.1,4.2,0.1,4.5,0.1,4,0.1,8.4,0.1,8.8,0.1,8.1,0.1,42.4,0.1,43.4,0.1,41.5,0.1,77.4,0.1,76.2,0.1,78.5,0.1,74.7,0.1,73.4,0.1,75.9,0.1,16.3,0.1,14.6,0.1,18,0.1,14.3,0.1,12.7,0.1,15.9,0.1,11.7,0.1,10.1,0.1,13.3,0.1,5.2,0.1,4.1,0.1,6.2,0.1,36.2,0.1,35,0.2,37.4,0.2,95.7,0.3,(X),,(X),,58.9,0.1,(X),,(X),,18.6,0.1,(X),,(X),,40.3,0.1,(X),,(X),,0.2,,(X),,(X),,0.7,,(X),,(X),
2005,0400000US38,38,North Dakota,609645,,303655,1293,305990,1293,6,0.1,6.2,0.2,5.8,0.2,5.9,0.2,6.1,0.4,5.6,0.4,6.2,0.2,6.3,0.3,6.1,0.4,6.4,0.2,6.6,0.3,6.2,0.3,7.6,0.2,7.9,0.3,7.4,0.3,7.5,0.2,7.8,0.2,7.2,0.3,5.6,0.2,5.9,0.3,5.4,0.2,5.9,0.3,6.1,0.4,5.8,0.4,7.7,0.3,7.6,0.4,7.9,0.4,8.2,0.1,8.3,0.2,8.1,0.2,7.8,0.1,8,0.1,7.7,0.1,6.3,0.3,6.7,0.3,6,0.3,4.4,0.3,4.2,0.3,4.6,0.3,3.5,0.2,3.5,0.3,3.5,0.3,3.3,0.2,2.8,0.2,3.8,0.3,3,0.2,2.7,0.2,3.3,0.3,2.4,0.2,1.9,0.2,3,0.3,2,0.2,1.4,0.2,2.6,0.3,12.1,0.1,12.4,0.2,11.7,0.2,4.1,0.1,4.3,0.2,3.9,0.1,9.9,0.2,10.1,0.3,9.7,0.2,40.9,0.2,41.9,0.3,39.8,0.3,80.7,0.2,80.1,0.3,81.2,0.3,77.8,0.1,77.1,0.2,78.5,0.2,18.7,0.3,16.5,0.3,20.8,0.4,16.9,0.2,14.7,0.3,19,0.3,14.2,0.1,12.3,0.1,16.2,0.2,7.4,0.1,5.9,0.1,8.8,0.1,39.1,0.3,37.6,0.5,40.4,0.5,99.2,0.8,(X),,(X),,57.2,0.3,(X),,(X),,22.3,0.2,(X),,(X),,34.9,0.2,(X),,(X),,0.2,,(X),,(X),,0.5,,(X),,(X),
2005,0400000US39,39,Ohio,11155606,,5423416,4034,5732190,4034,6.6,0.1,6.9,0.1,6.3,0.1,6.7,0.1,6.9,0.1,6.4,0.1,7,0.1,7.4,0.1,6.7,0.1,6.7,0.1,7.1,0.1,6.3,0.1,6.6,0.1,6.8,0.1,6.4,0.1,6.3,0.1,6.4,0.1,6.2,0.1,6.4,0.1,6.4,0.1,6.4,0.1,6.9,0.1,7.2,0.2,6.7,0.1,7.7,0.1,7.7,0.1,7.8,0.1,8.1,0.1,8.1,0.1,8,0.1,7.2,0.1,7.2,0.1,7.2,0.1,6.2,0.1,6.2,0.1,6.2,0.1,4.7,0.1,4.5,0.1,4.8,0.1,3.5,0.1,3.3,0.1,3.7,0.1,3,0.1,2.7,0.1,3.3,0.1,2.8,0.1,2.5,0.1,3.1,0.1,2.1,0.1,1.6,0.1,2.5,0.1,1.5,0.1,1,0.1,1.9,0.1,13.7,0.1,14.3,0.1,13.1,0.1,4.4,0.1,4.6,0.1,4.1,0.1,8.9,0.1,9.3,0.1,8.6,0.1,40.7,0.1,41.6,0.1,39.8,0.1,78.2,0.1,77.1,0.1,79.3,0.1,75.3,0.1,74.1,0.1,76.4,0.1,17.5,0.1,15.6,0.1,19.3,0.1,15.6,0.1,13.8,0.1,17.4,0.1,12.8,0.1,11.1,0.1,14.5,0.1,6.3,0.1,5,0.1,7.5,0.1,37.6,0.2,36.3,0.1,39,0.2,94.6,0.1,(X),,(X),,60,0.1,(X),,(X),,20.5,0.1,(X),,(X),,39.5,0.1,(X),,(X),,0.2,,(X),,(X),,0.7,,(X),,(X),
2005,0400000US40,40,Oklahoma,3433496,,1680757,3504,1752739,3504,7.1,0.1,7.5,0.1,6.8,0.1,6.7,0.2,7,0.2,6.4,0.2,6.6,0.2,7.1,0.2,6.3,0.2,6.9,0.1,7.1,0.2,6.7,0.2,7.3,0.1,7.5,0.2,7,0.2,7,0.1,7,0.1,6.9,0.1,6.4,0.1,6.6,0.1,6.3,0.1,6.3,0.2,6.5,0.2,6.2,0.3,7.4,0.2,7.3,0.2,7.6,0.3,7.5,0.1,7.5,0.1,7.6,0.1,7,0.1,6.9,0.1,7.1,0.1,6.1,0.1,6.1,0.2,6.1,0.2,4.7,0.1,4.5,0.2,4.9,0.2,4,0.1,4,0.2,4.1,0.2,3.3,0.1,2.9,0.1,3.7,0.2,2.6,0.1,2.3,0.1,2.8,0.1,1.8,0.1,1.6,0.1,2,0.1,1.2,0.1,0.7,0.1,1.6,0.1,13.3,0.1,14,0.1,12.7,0.1,4.2,0.1,4.3,0.1,4.2,0.1,9.9,0.1,10.3,0.2,9.5,0.1,41.3,0.1,42,0.2,40.7,0.2,78.1,0.1,77,0.2,79.1,0.2,75.3,0.1,74.2,0.1,76.3,0.1,17.6,0.1,15.9,0.2,19.1,0.2,15.6,0.1,14.1,0.2,17,0.2,12.9,0.1,11.5,0.1,14.2,0.1,5.5,0.1,4.6,0.1,6.4,0.1,36.5,0.2,35.2,0.2,37.8,0.3,95.9,0.4,(X),,(X),,60.2,0.2,(X),,(X),,20.6,0.1,(X),,(X),,39.6,0.1,(X),,(X),,0.1,,(X),,(X),,0.7,,(X),,(X),
2005,0400000US41,41,Oregon,3560109,,1760453,2500,1799656,2500,6.3,0.1,6.7,0.1,6,0.1,6.6,0.2,6.7,0.2,6.5,0.2,6.7,0.1,7,0.2,6.5,0.2,6.5,0.1,6.7,0.1,6.2,0.1,6.9,0.1,7,0.1,6.8,0.1,6.9,0.1,7,0.1,6.7,0.1,7,0.1,7.2,0.1,6.9,0.1,6.8,0.2,7.1,0.2,6.6,0.3,7.4,0.2,7.4,0.2,7.4,0.3,7.7,0.1,7.7,0.1,7.7,0.1,7.5,0.1,7.4,0.1,7.5,0.1,6.6,0.1,6.5,0.2,6.6,0.2,4.6,0.1,4.5,0.2,4.6,0.2,3.6,0.1,3.6,0.1,3.6,0.1,2.8,0.1,2.5,0.1,3,0.1,2.4,0.1,2.2,0.1,2.7,0.1,2,0.1,1.7,0.1,2.3,0.1,1.7,0.1,1.2,0.1,2.3,0.1,13.3,0.1,13.6,0.1,13,0.1,4.1,0.1,4.3,0.1,4,0.1,9.2,0.1,9.5,0.1,9,0.1,41.5,0.1,42.4,0.2,40.6,0.1,79,0.1,78.2,0.2,79.7,0.1,76.2,0.1,75.4,0.1,77,0.1,17.2,0.1,15.7,0.2,18.6,0.2,15.2,0.1,13.8,0.2,16.7,0.1,12.6,0.1,11.1,0.1,14,0.1,6.2,0.1,5,0.1,7.3,0.1,37,0.1,36,0.1,38.2,0.2,97.8,0.3,(X),,(X),,57.1,0.2,(X),,(X),,19.7,0.1,(X),,(X),,37.4,0.1,(X),,(X),,0.2,,(X),,(X),,0.6,,(X),,(X),
2005,0400000US42,42,Pennsylvania,11979147,,5799557,3137,6179590,3137,6.1,0.1,6.4,0.1,5.7,0.1,6,0.1,6.4,0.1,5.7,0.1,6.9,0.1,7.3,0.1,6.6,0.1,6.5,0.1,6.9,0.1,6.1,0.1,6.2,0.1,6.4,0.1,6,0.1,6,0.1,6.1,0.1,5.9,0.1,5.9,0.1,6,0.1,5.8,0.1,6.8,0.1,6.8,0.1,6.8,0.1,7.9,0.1,8.1,0.1,7.7,0.1,8.2,0.1,8.3,0.1,8.1,0.1,7.4,0.1,7.5,0.1,7.4,0.1,6.5,0.1,6.5,0.1,6.5,0.1,4.9,0.1,4.8,0.1,5,0.1,3.7,0.1,3.5,0.1,3.8,0.1,3.2,0.1,2.9,0.1,3.5,0.1,3.4,0.1,2.9,0.1,3.9,0.1,2.6,0.1,2,0.1,3.1,0.1,1.7,0.1,1.2,0.1,2.2,0.1,13,0.1,13.7,0.1,12.3,0.1,4.3,0.1,4.6,0.1,4.1,0.1,8.3,0.1,8.8,0.1,7.9,0.1,39.3,0.1,40.3,0.1,38.3,0.1,79.5,0.1,78.4,0.1,80.6,0.1,76.6,0.1,75.3,0.1,77.8,0.1,19.5,0.1,17.4,0.1,21.6,0.1,17.5,0.1,15.3,0.1,19.6,0.1,14.6,0.1,12.6,0.1,16.6,0.1,7.7,0.1,6.1,0.1,9.2,0.1,39.7,0.1,38.3,0.1,40.8,0.2,93.9,0.1,(X),,(X),,61.3,0.1,(X),,(X),,23.6,0.1,(X),,(X),,37.7,0.1,(X),,(X),,0.2,,(X),,(X),,0.7,,(X),,(X),
2005,0400000US44,44,Rhode Island,1032662,,497891,1285,534771,1285,6.2,0.1,6.5,0.1,5.9,0.1,6.1,0.3,6.4,0.5,5.8,0.4,7.2,0.3,7.7,0.5,6.7,0.4,5.9,0.2,6.4,0.2,5.5,0.2,6.4,0.2,6.8,0.2,6,0.2,7.2,0.1,7.2,0.2,7.1,0.1,6.1,0.1,6.2,0.2,6,0.1,7.3,0.4,7.1,0.5,7.4,0.5,8.2,0.4,8.4,0.5,8.1,0.5,8,0.1,8.1,0.1,8,0.1,7.2,0.1,7.1,0.1,7.3,0.1,6.3,0.3,6.4,0.4,6.2,0.3,4.5,0.3,4.4,0.4,4.6,0.3,3.3,0.2,3.1,0.2,3.5,0.3,2.7,0.2,2.5,0.2,2.9,0.2,3.4,0.2,2.8,0.2,3.9,0.4,2.5,0.2,2.1,0.3,2.8,0.3,1.7,0.2,0.9,0.1,2.4,0.3,13.2,0.1,14,0.2,12.5,0.1,4.2,0.1,4.5,0.1,4,0.1,8,0.1,8.7,0.1,7.4,0.1,41,0.2,41.9,0.2,40.1,0.2,79.1,0.2,77.6,0.3,80.4,0.3,76.3,0.1,74.9,0.2,77.6,0.1,18,0.3,15.9,0.4,20,0.3,16.1,0.2,14,0.3,18,0.3,13.6,0.1,11.5,0.1,15.4,0.1,7.5,0.1,5.9,0.1,9,0.1,38.4,0.2,36.9,0.3,39.7,0.4,93.1,0.5,(X),,(X),,59.3,0.3,(X),,(X),,21.6,0.2,(X),,(X),,37.7,0.2,(X),,(X),,0.2,,(X),,(X),,0.8,,(X),,(X),
2005,0400000US45,45,South Carolina,4113961,,1986328,3362,2127633,3362,6.8,0.1,7.1,0.1,6.4,0.1,6.6,0.2,7.1,0.3,6.1,0.2,7.1,0.2,7.4,0.2,6.9,0.2,6.6,0.1,7,0.1,6.2,0.2,6.7,0.1,7.1,0.2,6.4,0.1,6.7,0.1,6.6,0.1,6.7,0.1,6.6,0.1,6.7,0.1,6.6,0.1,7.2,0.2,7.2,0.3,7.1,0.2,7.6,0.2,7.5,0.3,7.7,0.2,7.6,0.1,7.5,0.1,7.6,0.1,6.9,0.1,6.8,0.1,7,0.1,6.2,0.1,6,0.2,6.4,0.2,5.2,0.1,5.2,0.2,5.1,0.2,3.9,0.1,3.8,0.1,4.1,0.1,3.1,0.1,2.8,0.1,3.4,0.1,2.4,0.1,2.1,0.1,2.7,0.1,1.7,0.1,1.4,0.1,2,0.1,1.1,0.1,0.7,0.1,1.5,0.1,13.7,0.1,14.5,0.1,13,0.1,4.4,0.1,4.5,0.1,4.2,0.1,9,0.1,9.6,0.1,8.4,0.1,41.3,0.1,42.1,0.2,40.7,0.1,78,0.1,76.8,0.1,79.2,0.2,75.2,0.1,73.8,0.1,76.4,0.1,17.4,0.1,15.9,0.2,18.8,0.2,15.3,0.1,13.7,0.2,16.8,0.2,12.3,0.1,10.8,0.1,13.7,0.1,5.2,0.1,4.1,0.1,6.2,0.1,37.1,0.2,35.7,0.2,38.3,0.2,93.4,0.3,(X),,(X),,59.1,0.1,(X),,(X),,19.5,0.1,(X),,(X),,39.5,0.1,(X),,(X),,0.2,,(X),,(X),,0.9,,(X),,(X),
2005,0400000US46,46,South Dakota,746033,,368834,1567,377199,1567,7.2,0.1,7.6,0.3,6.8,0.3,6.6,0.3,6.8,0.4,6.5,0.4,6.8,0.3,6.9,0.4,6.8,0.4,6.9,0.2,7.2,0.4,6.5,0.3,7.3,0.3,7.4,0.4,7.3,0.4,6.8,0.2,6.8,0.3,6.8,0.3,5.8,0.2,6.1,0.3,5.4,0.2,6.2,0.3,6.2,0.4,6.3,0.4,7.4,0.3,7.3,0.4,7.4,0.4,7.8,0.2,7.8,0.2,7.7,0.2,7.3,0.1,7.4,0.1,7.2,0.2,5.9,0.3,6.2,0.4,5.7,0.4,4.4,0.3,4.3,0.4,4.4,0.3,3.5,0.2,3.2,0.3,3.8,0.3,3.3,0.2,3.1,0.3,3.5,0.3,2.8,0.2,2.6,0.2,3,0.2,2.2,0.2,1.8,0.2,2.6,0.2,1.7,0.2,1.1,0.2,2.4,0.2,13.5,0.1,13.8,0.2,13.2,0.3,4.3,0.1,4.3,0.2,4.2,0.2,9.9,0.3,10.3,0.3,9.6,0.4,40.4,0.2,41,0.3,39.8,0.3,77.9,0.2,77.2,0.3,78.6,0.4,75,0.1,74.3,0.3,75.8,0.3,17.9,0.3,16.2,0.4,19.6,0.4,16,0.2,14.3,0.4,17.6,0.3,13.6,0.1,11.9,0.1,15.2,0.2,6.7,0.1,5.5,0.1,7.9,0.2,37,0.3,36,0.3,38,0.4,97.8,0.8,(X),,(X),,62.6,0.3,(X),,(X),,22,0.2,(X),,(X),,40.6,0.2,(X),,(X),,0.1,,(X),,(X),,0.6,,(X),,(X),
2005,0400000US47,47,Tennessee,5810590,,2837860,3679,2972730,3679,6.7,0.1,7.2,0.1,6.2,0.1,6.3,0.1,6.6,0.2,6,0.2,6.7,0.1,7.1,0.2,6.4,0.2,6.5,0.1,7.1,0.1,6,0.1,6.5,0.1,6.7,0.1,6.4,0.1,6.7,0.1,6.8,0.1,6.6,0.1,7,0.1,7.1,0.1,7,0.1,7.3,0.2,7.4,0.2,7.1,0.2,7.9,0.2,7.7,0.2,8.1,0.2,7.8,0.1,7.7,0.1,7.8,0.1,7.1,0.1,7.1,0.1,7.2,0.1,6.3,0.1,6.2,0.2,6.3,0.2,5,0.1,4.8,0.1,5.1,0.2,3.9,0.1,3.8,0.1,4,0.1,3.2,0.1,2.8,0.1,3.5,0.1,2.4,0.1,2,0.1,2.8,0.1,1.6,0.1,1.3,0.1,1.9,0.1,1.1,0.1,0.7,0.1,1.5,0.1,13,0.1,13.7,0.1,12.4,0.1,4.1,0.1,4.4,0.1,3.8,0.1,9,0.1,9.3,0.1,8.6,0.1,42,0.1,42.8,0.1,41.2,0.1,78.8,0.1,77.7,0.1,80,0.1,76.2,0.1,74.8,0.1,77.6,0.1,17.2,0.1,15.4,0.1,18.8,0.2,15.1,0.1,13.4,0.1,16.7,0.1,12.2,0.1,10.6,0.1,13.7,0.1,5.1,0.1,4,0.1,6.2,0.1,37.3,0.2,35.9,0.1,38.8,0.2,95.5,0.2,(X),,(X),,56.2,0.1,(X),,(X),,19.1,0.1,(X),,(X),,37.2,0.1,(X),,(X),,0.2,,(X),,(X),,0.7,,(X),,(X),
2005,0400000US48,48,Texas,22270165,,10997086,6563,11273079,6563,8.4,0.1,8.7,0.1,8.1,0.1,7.7,0.1,7.9,0.1,7.5,0.1,7.7,0.1,8,0.1,7.4,0.1,7.2,0.1,7.5,0.1,6.9,0.1,7.2,0.1,7.4,0.1,7.1,0.1,7.3,0.1,7.4,0.1,7.2,0.1,7.4,0.1,7.4,0.1,7.3,0.1,7.2,0.1,7.2,0.1,7.1,0.1,7.7,0.1,7.7,0.1,7.7,0.1,7.3,0.1,7.3,0.1,7.4,0.1,6.3,0.1,6.2,0.1,6.3,0.1,5.2,0.1,5.1,0.1,5.4,0.1,3.9,0.1,3.8,0.1,4,0.1,3,0.1,2.9,0.1,3.2,0.1,2.5,0.1,2.2,0.1,2.7,0.1,1.9,0.1,1.7,0.1,2.2,0.1,1.3,0.1,1.1,0.1,1.6,0.1,0.9,0.1,0.6,0.1,1.2,0.1,15.4,0.1,15.9,0.1,14.9,0.1,4.5,0.1,4.7,0.1,4.4,0.1,9.9,0.1,10.2,0.1,9.6,0.1,43.9,0.1,44.5,0.1,43.2,0.1,74.7,0.1,73.9,0.1,75.5,0.1,71.7,0.1,70.7,0.1,72.7,0.1,13.5,0.1,12.3,0.1,14.8,0.1,11.9,0.1,10.6,0.1,13,0.1,9.6,0.1,8.5,0.1,10.8,0.1,4.2,0.1,3.4,0.1,5,0.1,33.2,0.2,32.2,0.2,34.1,0.2,97.6,0.1,(X),,(X),,61.1,0.1,(X),,(X),,15.5,0.1,(X),,(X),,45.6,0.1,(X),,(X),,0.2,,(X),,(X),,0.7,,(X),,(X),
2005,0400000US49,49,Utah,2427350,,1215268,1768,1212082,1768,9.7,0.1,10,0.1,9.5,0.1,8.4,0.2,8.2,0.3,8.6,0.3,7.7,0.2,8.3,0.3,7.1,0.3,7.5,0.1,7.8,0.2,7.3,0.1,9.4,0.1,9.3,0.2,9.6,0.1,9.9,0.1,9.8,0.1,10,0.1,7.4,0.1,7.7,0.1,7.2,0.1,6.2,0.2,6.3,0.3,6.1,0.2,6.1,0.2,6,0.3,6.2,0.2,6.1,0.1,6.1,0.1,6.1,0.1,5.4,0.1,5.4,0.1,5.4,0.1,4.3,0.1,4.3,0.2,4.4,0.2,3.3,0.1,3.2,0.2,3.4,0.2,2.5,0.1,2.4,0.1,2.7,0.1,2.1,0.1,2,0.1,2.2,0.1,1.7,0.1,1.6,0.1,1.9,0.1,1.2,0.1,1,0.1,1.3,0.1,0.9,0.1,0.6,0.1,1.3,0.1,16.1,0.1,16.5,0.1,15.7,0.1,4.6,0.1,4.7,0.1,4.5,0.1,12.4,0.1,12.3,0.1,12.4,0.1,46.6,0.1,46.8,0.1,46.3,0.1,72.6,0.1,71.8,0.2,73.4,0.2,69.6,0.1,68.7,0.1,70.4,0.1,11.7,0.1,10.8,0.2,12.7,0.2,10.4,0.1,9.5,0.2,11.2,0.2,8.5,0.1,7.6,0.1,9.3,0.1,3.8,0.1,3.2,0.1,4.4,0.1,28.5,0.1,28.2,0.2,28.9,0.2,100.3,0.3,(X),,(X),,63.7,0.1,(X),,(X),,13.9,0.1,(X),,(X),,49.8,0.1,(X),,(X),,0.3,,(X),,(X),,0.9,,(X),,(X),
2005,0400000US50,50,Vermont,602290,,295893,884,306397,884,5.4,0.1,5.7,0.1,5,0.1,5.4,0.3,5.5,0.4,5.4,0.4,6.8,0.3,7.2,0.4,6.3,0.3,6.6,0.2,6.8,0.2,6.4,0.3,6.3,0.2,6.6,0.2,5.9,0.2,6,0.1,6.2,0.1,5.8,0.1,5.6,0.1,5.6,0.1,5.6,0.1,6.9,0.4,6.8,0.5,7,0.5,8.4,0.4,8.2,0.5,8.5,0.5,8.8,0.1,8.7,0.1,8.9,0.1,8.4,0.1,8.4,0.2,8.5,0.1,7.3,0.3,7.6,0.5,7,0.4,5.5,0.3,5.2,0.5,5.8,0.4,3.9,0.2,4,0.3,3.8,0.3,2.9,0.2,2.5,0.3,3.2,0.3,2.7,0.2,2.5,0.2,2.9,0.2,2,0.2,1.7,0.2,2.4,0.2,1.3,0.2,0.9,0.2,1.6,0.2,12.2,0.1,12.7,0.1,11.7,0.1,4.5,0.1,4.6,0.1,4.3,0.1,8.4,0.1,8.8,0.2,8,0.1,39.7,0.1,40.2,0.2,39.3,0.2,81,0.2,80.1,0.3,81.9,0.3,78,0.1,77,0.2,79,0.2,18.2,0.3,16.7,0.5,19.7,0.4,16,0.2,14.5,0.3,17.3,0.3,12.8,0.1,11.6,0.1,13.9,0.1,6,0.1,5,0.1,6.9,0.1,40.7,0.3,39.7,0.4,41.7,0.4,96.6,0.6,(X),,(X),,53.3,0.2,(X),,(X),,19.6,0.1,(X),,(X),,33.7,0.2,(X),,(X),,0.1,,(X),,(X),,0.4,,(X),,(X),
2005,0400000US51,51,Virginia,7332608,,3574553,6353,3758055,6353,6.9,0.1,7.2,0.1,6.6,0.1,6.6,0.1,6.8,0.2,6.4,0.2,6.9,0.1,7.3,0.2,6.6,0.2,6.6,0.1,7,0.2,6.2,0.1,6.6,0.1,7,0.1,6.2,0.1,6.4,0.1,6.5,0.1,6.4,0.1,6.7,0.1,6.7,0.1,6.6,0.1,7.4,0.2,7.4,0.2,7.4,0.2,8.3,0.2,8.3,0.2,8.4,0.2,8,0.1,7.9,0.1,8.1,0.1,7.2,0.1,7.2,0.1,7.3,0.1,6.4,0.1,6.3,0.1,6.5,0.1,4.7,0.1,4.7,0.1,4.7,0.1,3.4,0.1,3.3,0.1,3.6,0.1,2.8,0.1,2.6,0.1,2.9,0.1,2.3,0.1,1.9,0.1,2.6,0.1,1.6,0.1,1.3,0.1,2,0.1,1.1,0.1,0.7,0.1,1.5,0.1,13.5,0.1,14.1,0.1,13,0.1,4.3,0.1,4.4,0.1,4.1,0.1,8.9,0.1,9.6,0.1,8.3,0.1,42,0.1,42.9,0.1,41.2,0.1,78.1,0.1,77.2,0.1,78.9,0.1,75.3,0.1,74.2,0.1,76.3,0.1,15.9,0.1,14.5,0.1,17.3,0.1,13.9,0.1,12.5,0.1,15.3,0.1,11.2,0.1,9.8,0.1,12.6,0.1,5,0.1,3.9,0.1,6.1,0.1,37.2,0.1,35.9,0.1,38.4,0.2,95.1,0.3,(X),,(X),,56.1,0.1,(X),,(X),,17.5,0.1,(X),,(X),,38.6,0.1,(X),,(X),,0.2,,(X),,(X),,0.7,,(X),,(X),
2005,0400000US53,53,Washington,6146338,,3052792,2938,3093546,2938,6.4,0.1,6.7,0.1,6.2,0.1,6.4,0.1,6.6,0.2,6.2,0.2,7,0.1,7.2,0.2,6.7,0.2,6.8,0.1,7.1,0.1,6.6,0.1,7.1,0.1,7.3,0.1,6.9,0.1,6.7,0.1,6.9,0.1,6.6,0.1,6.9,0.1,7,0.1,6.8,0.1,7.5,0.2,7.6,0.2,7.4,0.2,7.9,0.2,7.9,0.2,7.9,0.2,8,0.1,8,0.1,8,0.1,7.3,0.1,7.2,0.1,7.4,0.1,6.2,0.1,6.2,0.1,6.3,0.1,4.5,0.1,4.5,0.1,4.6,0.1,3.2,0.1,3.1,0.1,3.3,0.1,2.7,0.1,2.6,0.1,2.8,0.1,2.2,0.1,1.9,0.1,2.5,0.1,1.8,0.1,1.4,0.1,2.1,0.1,1.3,0.1,0.9,0.1,1.6,0.1,13.3,0.1,13.8,0.1,12.9,0.1,4.3,0.1,4.4,0.1,4.2,0.1,9.7,0.1,10,0.1,9.4,0.1,43,0.1,43.7,0.1,42.3,0.1,78.8,0.1,78.1,0.1,79.5,0.1,76,0.1,75.2,0.1,76.7,0.1,15.7,0.1,14.4,0.1,16.9,0.1,13.8,0.1,12.5,0.1,15.1,0.1,11.1,0.1,9.9,0.1,12.4,0.1,5.2,0.1,4.2,0.1,6.3,0.1,36.7,0.2,35.8,0.1,37.6,0.1,98.7,0.2,(X),,(X),,54.2,0.1,(X),,(X),,17.2,0.1,(X),,(X),,37.1,0.1,(X),,(X),,0.2,,(X),,(X),,0.6,,(X),,(X),
2005,0400000US54,54,West Virginia,1771750,,866032,2639,905718,2639,5.6,0.1,5.9,0.2,5.3,0.2,5.6,0.2,5.8,0.4,5.4,0.3,6.4,0.2,6.9,0.3,6,0.3,6,0.1,6.3,0.2,5.8,0.2,6.4,0.2,6.6,0.3,6.2,0.2,6.3,0.1,6.4,0.1,6.2,0.2,5.9,0.1,5.9,0.1,5.9,0.2,6.7,0.3,6.6,0.4,6.7,0.3,7.3,0.3,7.6,0.4,7.1,0.4,8,0.1,8,0.1,8.1,0.1,8,0.1,8.1,0.1,7.9,0.1,7.2,0.2,7.3,0.3,7.2,0.3,5.4,0.2,5.4,0.3,5.4,0.3,4.3,0.2,4.2,0.3,4.4,0.2,3.7,0.2,3.3,0.2,4,0.2,3.1,0.1,2.8,0.2,3.3,0.2,2.2,0.1,1.6,0.2,2.8,0.2,1.7,0.1,1.2,0.1,2.2,0.2,12,0.1,12.7,0.1,11.4,0.1,3.9,0.1,4,0.1,3.8,0.1,8.6,0.1,9,0.2,8.2,0.2,38.7,0.1,39.5,0.2,37.9,0.2,81.1,0.1,80.1,0.3,82.1,0.2,78.5,0.1,77.5,0.2,79.5,0.2,20.5,0.2,18.6,0.3,22.2,0.3,18.3,0.2,16.4,0.3,20.1,0.2,15,0.1,13.2,0.1,16.8,0.1,7,0.1,5.6,0.1,8.3,0.1,40.7,0.2,39.6,0.4,41.8,0.3,95.6,0.6,(X),,(X),,57.5,0.2,(X),,(X),,23.7,0.1,(X),,(X),,33.8,0.1,(X),,(X),,0.1,,(X),,(X),,0.8,,(X),,(X),
2005,0400000US55,55,Wisconsin,5375751,,2653937,3251,2721814,3251,6.3,0.1,6.5,0.1,6.1,0.1,6.4,0.1,6.6,0.2,6.1,0.2,6.9,0.1,7.1,0.2,6.7,0.2,6.9,0.1,7.2,0.1,6.6,0.1,7,0.1,7.1,0.1,6.9,0.1,6.5,0.1,6.7,0.1,6.3,0.1,6.1,0.1,6.2,0.1,6,0.1,7,0.1,7.1,0.2,7,0.2,8.1,0.1,8.2,0.2,8.1,0.2,8.2,0.1,8.3,0.1,8.2,0.1,7.4,0.1,7.5,0.1,7.3,0.1,6.1,0.1,6.1,0.1,6.1,0.1,4.5,0.1,4.5,0.1,4.6,0.1,3.5,0.1,3.3,0.1,3.7,0.1,2.9,0.1,2.7,0.1,3.1,0.1,2.7,0.1,2.3,0.1,3,0.1,2,0.1,1.6,0.1,2.4,0.1,1.5,0.1,1,0.1,1.9,0.1,13.2,0.1,13.7,0.1,12.8,0.1,4.4,0.1,4.6,0.1,4.3,0.1,9.4,0.1,9.6,0.1,9.2,0.1,41.6,0.1,42.5,0.1,40.8,0.1,78.9,0.1,78.2,0.1,79.6,0.1,76,0.1,75.2,0.1,76.8,0.1,17.1,0.1,15.4,0.1,18.7,0.1,15.2,0.1,13.6,0.1,16.8,0.1,12.5,0.1,10.9,0.1,14.1,0.1,6.1,0.1,4.9,0.1,7.3,0.1,37.9,0.2,36.8,0.1,38.8,0.1,97.5,0.2,(X),,(X),,57.6,0.1,(X),,(X),,19.8,0.1,(X),,(X),,37.8,0.1,(X),,(X),,0.2,,(X),,(X),,0.7,,(X),,(X),
2005,0400000US56,56,Wyoming,495226,,247262,1485,247964,1485,6.3,0.2,6.4,0.3,6.1,0.3,5.7,0.4,6,0.6,5.4,0.6,6.6,0.4,6.8,0.6,6.4,0.6,6.7,0.3,6.6,0.3,6.8,0.4,7.6,0.3,7.7,0.5,7.5,0.4,6.4,0.2,6.8,0.4,6.1,0.3,5.9,0.2,5.8,0.2,6,0.4,5.9,0.5,6.6,0.6,5.2,0.6,7.4,0.5,6.5,0.6,8.3,0.7,8.8,0.2,8.9,0.3,8.8,0.2,8.5,0.2,8.5,0.2,8.5,0.2,6.7,0.4,7,0.5,6.5,0.5,5.4,0.4,5.5,0.6,5.3,0.5,3.4,0.3,3.4,0.3,3.5,0.4,3.1,0.3,3,0.4,3.1,0.4,2.7,0.2,2.5,0.3,2.8,0.4,1.6,0.2,1.2,0.3,1.9,0.3,1.2,0.2,0.7,0.2,1.8,0.3,12.3,0.2,12.8,0.3,11.9,0.2,4.2,0.1,4.2,0.2,4.2,0.2,10.1,0.3,10.1,0.5,10.1,0.3,40,0.3,40.1,0.4,39.9,0.4,80.1,0.3,79.6,0.4,80.6,0.4,77.2,0.2,76.6,0.4,77.8,0.3,17.4,0.4,16.4,0.6,18.3,0.6,15.1,0.4,14.1,0.5,16.1,0.5,12,0.2,10.9,0.2,13.1,0.3,5.5,0.2,4.5,0.2,6.5,0.3,39.1,0.4,37.8,0.4,40.3,0.5,99.7,1.2,(X),,(X),,53.3,0.6,(X),,(X),,18.3,0.3,(X),,(X),,34.9,0.4,(X),,(X),,0.1,,(X),,(X),,0.4,,(X),,(X),
2005,0400000US72,72,Puerto Rico,3865280,,1845154,1796,2020126,1796,6.6,0.1,7,0.1,6.3,0.1,7.6,0.2,8.1,0.2,7.1,0.2,7.9,0.2,8.5,0.2,7.3,0.2,7.5,0.1,8,0.1,7.1,0.1,7.5,0.1,7.8,0.1,7.3,0.1,7.1,0.1,7.2,0.1,7.1,0.1,6.7,0.1,6.7,0.1,6.7,0.1,6.5,0.1,6.5,0.2,6.5,0.2,7.1,0.1,6.9,0.2,7.3,0.2,6.5,0.1,6.3,0.1,6.7,0.1,6,0.1,5.7,0.1,6.2,0.1,5.7,0.1,5.4,0.2,5.9,0.2,5,0.1,4.8,0.2,5.2,0.2,3.9,0.1,3.8,0.1,4,0.1,3.2,0.1,2.9,0.1,3.4,0.1,2.3,0.1,2.1,0.1,2.6,0.1,1.7,0.1,1.4,0.1,1.9,0.1,1.3,0.1,1.1,0.1,1.5,0.1,15.4,0.1,16.6,0.1,14.3,0.1,4.6,,4.9,0.1,4.3,0.1,10.5,0.1,10.8,0.1,10.1,0.1,42.4,0.1,43,0.1,42,0.1,76.5,0.1,74.8,0.1,78,0.1,73.4,,71.5,0.1,75.1,0.1,17.4,0.1,16,0.2,18.6,0.2,15.3,0.1,14,0.1,16.5,0.1,12.4,,11.2,0.1,13.5,0.1,5.3,0.1,4.5,0.1,6,0.1,34.4,0.1,32.6,0.2,36,0.1,91.3,0.2,(X),,(X),,64,,(X),,(X),,20.3,,(X),,(X),,43.7,,(X),,(X),,0.1,,(X),,(X),,0.5,,(X),,(X),
